timeframe,side,split,rows,days,symbols,minimum_date,maximum_date
5,CE,test,715,3,22,2026-08-19,2026-08-24
5,CE,train,3921,9,68,2026-08-03,2026-08-13
5,CE,validation,356,3,7,2026-08-14,2026-08-18
5,PE,test,378,2,16,2026-08-19,2026-08-24
5,PE,train,2344,9,52,2026-08-03,2026-08-13
5,PE,validation,163,3,6,2026-08-14,2026-08-18
15,CE,test,249,3,21,2026-08-19,2026-08-24
15,CE,train,1391,9,63,2026-08-03,2026-08-13
15,CE,validation,121,3,7,2026-08-14,2026-08-18
15,PE,test,122,2,15,2026-08-19,2026-08-24
15,PE,train,837,9,47,2026-08-03,2026-08-13
15,PE,validation,55,3,5,2026-08-14,2026-08-18
30,CE,test,110,3,14,2026-08-19,2026-08-24
30,CE,train,612,9,58,2026-08-03,2026-08-13
30,CE,validation,57,3,7,2026-08-14,2026-08-18
30,PE,test,50,2,11,2026-08-19,2026-08-24
30,PE,train,351,9,39,2026-08-03,2026-08-13
30,PE,validation,20,3,3,2026-08-14,2026-08-18
