quality,timeframe,lane,horizon,feature,n,same_bar_spearman,forward_spearman
complete,5,CE,30,log_itm_otm,667,0.016464569786865217,-0.000677016481397364
complete,5,CE,30,dlog_itm_otm,667,-0.22763449691235138,0.04701873618362426
complete,5,CE,30,fixed_score,667,0.22763449691235138,-0.04701873618362426
complete,5,CE,60,log_itm_otm,607,0.02608622750098504,-0.05449262628012867
complete,5,CE,60,dlog_itm_otm,607,-0.24549088063433216,-0.00807213481548459
complete,5,CE,60,fixed_score,607,0.24549088063433216,0.00807213481548459
complete,5,PE,30,log_itm_otm,378,0.09360656052082264,0.030855372633985627
complete,5,PE,30,dlog_itm_otm,378,0.4984598510208942,-0.09750310250040295
complete,5,PE,30,fixed_score,378,0.4984598510208942,-0.09750310250040295
complete,5,PE,60,log_itm_otm,336,0.1225635725508141,-0.020013232909166595
complete,5,PE,60,dlog_itm_otm,336,0.5041425988991513,-0.0404252118633014
complete,5,PE,60,fixed_score,336,0.5041425988991513,-0.0404252118633014
complete,15,CE,30,log_itm_otm,228,0.011819668550132336,0.054552316385226174
complete,15,CE,30,dlog_itm_otm,228,-0.26269849626814157,0.09849991292696177
complete,15,CE,30,fixed_score,228,0.26269849626814157,-0.09849991292696177
complete,15,CE,60,log_itm_otm,210,0.004101164653014258,-0.030492440869227942
complete,15,CE,60,dlog_itm_otm,210,-0.2846356362585748,0.08398829905440032
complete,15,CE,60,fixed_score,210,0.2846356362585748,-0.08398829905440032
complete,15,PE,30,log_itm_otm,121,0.15925402809340805,0.1190963284107844
complete,15,PE,30,dlog_itm_otm,121,0.7166194168155752,-0.2073702750304836
complete,15,PE,30,fixed_score,121,0.7166194168155752,-0.2073702750304836
complete,15,PE,60,log_itm_otm,108,0.19826278321524693,0.09146684195985404
complete,15,PE,60,dlog_itm_otm,108,0.7172461755766806,-0.18883077538655005
complete,15,PE,60,fixed_score,108,0.7172461755766806,-0.18883077538655005
complete,30,CE,30,log_itm_otm,102,-0.07988080361434202,-0.05323140166433017
complete,30,CE,30,dlog_itm_otm,102,-0.3361756506889981,0.09352532223582123
complete,30,CE,30,fixed_score,102,0.3361756506889981,-0.09352532223582123
complete,30,CE,60,log_itm_otm,93,-0.07675091760914325,-0.13792486049356925
complete,30,CE,60,dlog_itm_otm,93,-0.34543881113664165,0.07012622720897614
complete,30,CE,60,fixed_score,93,0.34543881113664165,-0.07012622720897614
complete,30,PE,30,log_itm_otm,49,0.3064285714285714,-0.005714285714285713
complete,30,PE,30,dlog_itm_otm,49,0.7647959183673468,-0.1173469387755102
complete,30,PE,30,fixed_score,49,0.7647959183673468,-0.1173469387755102
complete,30,PE,60,log_itm_otm,45,0.24084321475625822,-0.047826086956521734
complete,30,PE,60,dlog_itm_otm,45,0.7519104084321476,-0.05915678524374176
complete,30,PE,60,fixed_score,45,0.7519104084321476,-0.05915678524374176
80pct,5,CE,30,log_itm_otm,699,0.01630148777789698,0.01669486481862137
80pct,5,CE,30,dlog_itm_otm,699,-0.22935335806162113,0.042979701272765264
80pct,5,CE,30,fixed_score,699,0.22935335806162113,-0.042979701272765264
80pct,5,CE,60,log_itm_otm,635,0.02198312707824211,-0.032281307975182943
80pct,5,CE,60,dlog_itm_otm,635,-0.24655792996681156,-0.006599159027615467
80pct,5,CE,60,fixed_score,635,0.24655792996681156,0.006599159027615467
80pct,5,PE,30,log_itm_otm,378,0.09360656052082264,0.030855372633985627
80pct,5,PE,30,dlog_itm_otm,378,0.4984598510208942,-0.09750310250040295
80pct,5,PE,30,fixed_score,378,0.4984598510208942,-0.09750310250040295
80pct,5,PE,60,log_itm_otm,336,0.1225635725508141,-0.020013232909166595
80pct,5,PE,60,dlog_itm_otm,336,0.5041425988991513,-0.0404252118633014
80pct,5,PE,60,fixed_score,336,0.5041425988991513,-0.0404252118633014
80pct,15,CE,30,log_itm_otm,244,0.01498399064222865,0.07652802233047214
80pct,15,CE,30,dlog_itm_otm,244,-0.2688241015913889,0.07446486868716111
80pct,15,CE,30,fixed_score,244,0.2688241015913889,-0.07446486868716111
80pct,15,CE,60,log_itm_otm,224,0.008337083606263637,0.008584247745233926
80pct,15,CE,60,dlog_itm_otm,224,-0.29178015351303577,0.06506354502016702
80pct,15,CE,60,fixed_score,224,0.29178015351303577,-0.06506354502016702
80pct,15,PE,30,log_itm_otm,122,0.15142753288034563,0.12108545011747368
80pct,15,PE,30,dlog_itm_otm,122,0.7155805961310632,-0.20743768608259172
80pct,15,PE,30,fixed_score,122,0.7155805961310632,-0.20743768608259172
80pct,15,PE,60,log_itm_otm,109,0.1897511577967232,0.08145676953016402
80pct,15,PE,60,dlog_itm_otm,109,0.7160984063090442,-0.18661847836159765
80pct,15,PE,60,fixed_score,109,0.7160984063090442,-0.18661847836159765
80pct,30,CE,30,log_itm_otm,109,-0.031452136039292006,-0.006116222120816434
80pct,30,CE,30,dlog_itm_otm,109,-0.30882216662033174,0.1287279416367592
80pct,30,CE,30,fixed_score,109,0.30882216662033174,-0.1287279416367592
80pct,30,CE,60,log_itm_otm,99,-0.02535559678416821,-0.07584415584415585
80pct,30,CE,60,dlog_itm_otm,99,-0.3172665429808287,0.10648113790970933
80pct,30,CE,60,fixed_score,99,0.3172665429808287,-0.10648113790970933
80pct,30,PE,30,log_itm_otm,50,0.2818247298919568,0.0036015270485062465
80pct,30,PE,30,dlog_itm_otm,50,0.7701800720288116,-0.12821436292682237
80pct,30,PE,30,fixed_score,50,0.7701800720288116,-0.12821436292682237
80pct,30,PE,60,log_itm_otm,46,0.21504779525131051,-0.0065988282454517416
80pct,30,PE,60,dlog_itm_otm,46,0.7577551649707062,-0.09454209065679926
80pct,30,PE,60,fixed_score,46,0.7577551649707062,-0.09454209065679926
