quality,timeframe,lane,horizon,sensitivity,n,days,equal_day_hit_lift_pp,ci_low,ci_high
complete,5,CE,30,all,663,3,0.0,0.0,0.0
complete,5,CE,30,exclude_expiry_day,663,3,0.0,0.0,0.0
complete,5,CE,30,dte_ge_2,272,3,0.0,0.0,0.0
complete,5,CE,30,premium_ge_10,519,3,0.0,0.0,0.0
complete,5,CE,60,all,603,3,-5.435814403860501,-13.043478260869565,-1.4457831325301205
complete,5,CE,60,exclude_expiry_day,603,3,-5.435814403860501,-13.043478260869565,-1.4457831325301205
complete,5,CE,60,dte_ge_2,246,3,-8.402162555086095,-13.043478260869565,-1.8181818181818181
complete,5,CE,60,premium_ge_10,472,3,-5.658112045129804,-13.043478260869565,-1.8181818181818181
complete,5,PE,30,all,372,2,-2.3303955728632917,-3.484320557491289,-1.1764705882352942
complete,5,PE,30,exclude_expiry_day,372,2,-2.3303955728632917,-3.484320557491289,-1.1764705882352942
complete,5,PE,30,dte_ge_2,85,1,-1.1764705882352942,,
complete,5,PE,30,premium_ge_10,226,2,-3.3333333333333335,-6.666666666666667,0.0
complete,5,PE,60,all,336,2,-1.246051246051246,-5.194805194805195,2.7027027027027026
complete,5,PE,60,exclude_expiry_day,336,2,-1.246051246051246,-5.194805194805195,2.7027027027027026
complete,5,PE,60,dte_ge_2,77,1,-5.194805194805195,,
complete,5,PE,60,premium_ge_10,198,2,-0.9685230024213074,-4.761904761904762,2.824858757062147
complete,15,CE,30,all,225,3,-2.6891615541922294,-5.000000000000001,0.0
complete,15,CE,30,exclude_expiry_day,225,3,-2.6891615541922294,-5.000000000000001,0.0
complete,15,CE,30,dte_ge_2,84,3,-7.727272727272727,-18.18181818181818,0.0
complete,15,CE,30,premium_ge_10,174,3,-3.75,-6.25,0.0
complete,15,CE,60,all,209,3,-33.99558498896248,-100.0,0.0
complete,15,CE,60,exclude_expiry_day,209,3,-33.99558498896248,-100.0,0.0
complete,15,CE,60,dte_ge_2,78,3,-38.33333333333333,-100.0,0.0
complete,15,CE,60,premium_ge_10,162,3,-33.65384615384615,-100.0,0.0
complete,15,PE,30,all,120,2,2.6714664645699133,-3.4482758620689653,8.791208791208792
complete,15,PE,30,exclude_expiry_day,120,2,2.6714664645699133,-3.4482758620689653,8.791208791208792
complete,15,PE,30,dte_ge_2,29,1,-3.4482758620689653,,
complete,15,PE,30,premium_ge_10,78,2,5.88235294117647,0.0,11.76470588235294
complete,15,PE,60,all,108,2,2.5328330206378986,1.2195121951219512,3.8461538461538463
complete,15,PE,60,exclude_expiry_day,108,2,2.5328330206378986,1.2195121951219512,3.8461538461538463
complete,15,PE,60,dte_ge_2,26,1,3.8461538461538463,,
complete,15,PE,60,premium_ge_10,68,2,1.6129032258064515,0.0,3.225806451612903
complete,30,CE,30,all,100,2,3.132588635259835,2.8169014084507045,3.4482758620689653
complete,30,CE,30,exclude_expiry_day,100,2,3.132588635259835,2.8169014084507045,3.4482758620689653
complete,30,CE,30,dte_ge_2,39,2,1.7241379310344827,0.0,3.4482758620689653
complete,30,CE,30,premium_ge_10,80,2,3.684922244759973,3.4482758620689653,3.9215686274509802
complete,30,CE,60,all,93,2,0.33670033670033656,-3.0303030303030303,3.7037037037037033
complete,30,CE,60,exclude_expiry_day,93,2,0.33670033670033656,-3.0303030303030303,3.7037037037037033
complete,30,CE,60,dte_ge_2,36,2,-9.25925925925926,-22.22222222222222,3.7037037037037033
complete,30,CE,60,premium_ge_10,73,2,-0.32206119162640906,-4.3478260869565215,3.7037037037037033
complete,30,PE,30,all,48,2,-9.120879120879122,-15.384615384615385,-2.857142857142857
complete,30,PE,30,exclude_expiry_day,48,2,-9.120879120879122,-15.384615384615385,-2.857142857142857
complete,30,PE,30,dte_ge_2,13,1,-15.384615384615385,,
complete,30,PE,30,premium_ge_10,31,2,-3.7037037037037033,-7.4074074074074066,0.0
complete,30,PE,60,all,45,2,-3.125,-6.25,0.0
complete,30,PE,60,exclude_expiry_day,45,2,-3.125,-6.25,0.0
complete,30,PE,60,dte_ge_2,13,1,0.0,,
complete,30,PE,60,premium_ge_10,29,2,-4.0,-8.0,0.0
80pct,5,CE,30,all,695,3,0.0,0.0,0.0
80pct,5,CE,30,exclude_expiry_day,695,3,0.0,0.0,0.0
80pct,5,CE,30,dte_ge_2,304,3,0.0,0.0,0.0
80pct,5,CE,30,premium_ge_10,551,3,0.0,0.0,0.0
80pct,5,CE,60,all,630,3,1.5786783497626873,-1.8181818181818181,8.0
80pct,5,CE,60,exclude_expiry_day,630,3,1.5786783497626873,-1.8181818181818181,8.0
80pct,5,CE,60,dte_ge_2,273,3,-1.3876698014629048,-10.344827586206897,8.0
80pct,5,CE,60,premium_ge_10,499,3,1.3563807084933848,-2.112676056338028,8.0
80pct,5,PE,30,all,372,2,-2.3303955728632917,-3.484320557491289,-1.1764705882352942
80pct,5,PE,30,exclude_expiry_day,372,2,-2.3303955728632917,-3.484320557491289,-1.1764705882352942
80pct,5,PE,30,dte_ge_2,85,1,-1.1764705882352942,,
80pct,5,PE,30,premium_ge_10,226,2,-3.3333333333333335,-6.666666666666667,0.0
80pct,5,PE,60,all,336,2,-1.246051246051246,-5.194805194805195,2.7027027027027026
80pct,5,PE,60,exclude_expiry_day,336,2,-1.246051246051246,-5.194805194805195,2.7027027027027026
80pct,5,PE,60,dte_ge_2,77,1,-5.194805194805195,,
80pct,5,PE,60,premium_ge_10,198,2,-0.9685230024213074,-4.761904761904762,2.824858757062147
80pct,15,CE,30,all,241,3,-2.068273092369478,-6.666666666666667,1.6666666666666667
80pct,15,CE,30,exclude_expiry_day,241,3,-2.068273092369478,-6.666666666666667,1.6666666666666667
80pct,15,CE,30,dte_ge_2,97,3,-6.212121212121211,-13.636363636363635,1.6666666666666667
80pct,15,CE,30,premium_ge_10,187,3,-3.1547619047619047,-6.666666666666667,1.6666666666666667
80pct,15,CE,60,all,222,3,-11.817422343738134,-36.36363636363636,3.508771929824561
80pct,15,CE,60,exclude_expiry_day,222,3,-11.817422343738134,-36.36363636363636,3.508771929824561
80pct,15,CE,60,dte_ge_2,88,3,-14.2849548112706,-36.36363636363636,3.508771929824561
80pct,15,CE,60,premium_ge_10,172,3,-11.592647118962908,-36.36363636363636,3.508771929824561
80pct,15,PE,30,all,121,2,-0.6371814092953523,-3.4482758620689653,2.1739130434782608
80pct,15,PE,30,exclude_expiry_day,121,2,-0.6371814092953523,-3.4482758620689653,2.1739130434782608
80pct,15,PE,30,dte_ge_2,29,1,-3.4482758620689653,,
80pct,15,PE,30,premium_ge_10,78,2,8.676470588235293,7.352941176470589,10.0
80pct,15,PE,60,all,109,2,3.614457831325301,0.0,7.228915662650602
80pct,15,PE,60,exclude_expiry_day,109,2,3.614457831325301,0.0,7.228915662650602
80pct,15,PE,60,dte_ge_2,26,1,0.0,,
80pct,15,PE,60,premium_ge_10,68,2,4.032258064516129,0.0,8.064516129032258
80pct,30,CE,30,all,107,3,2.075351213282248,0.0,3.4482758620689653
80pct,30,CE,30,exclude_expiry_day,107,3,2.075351213282248,0.0,3.4482758620689653
80pct,30,CE,30,dte_ge_2,45,3,-2.1839080459770117,-10.000000000000002,3.4482758620689653
80pct,30,CE,30,premium_ge_10,87,3,2.4314765694076037,0.0,3.8461538461538463
80pct,30,CE,60,all,99,3,1.2345679012345678,0.0,3.7037037037037033
80pct,30,CE,60,exclude_expiry_day,99,3,1.2345679012345678,0.0,3.7037037037037033
80pct,30,CE,60,dte_ge_2,41,3,-2.4691358024691357,-11.11111111111111,3.7037037037037033
80pct,30,CE,60,premium_ge_10,79,3,1.2345679012345678,0.0,3.7037037037037033
80pct,30,PE,30,all,48,2,-3.8461538461538463,-7.6923076923076925,0.0
80pct,30,PE,30,exclude_expiry_day,48,2,-3.8461538461538463,-7.6923076923076925,0.0
80pct,30,PE,30,dte_ge_2,13,1,-7.6923076923076925,,
80pct,30,PE,30,premium_ge_10,31,2,0.0,0.0,0.0
80pct,30,PE,60,all,46,2,-2.331002331002331,-7.6923076923076925,3.0303030303030303
80pct,30,PE,60,exclude_expiry_day,46,2,-2.331002331002331,-7.6923076923076925,3.0303030303030303
80pct,30,PE,60,dte_ge_2,13,1,-7.6923076923076925,,
80pct,30,PE,60,premium_ge_10,29,2,-10.5,-25.0,4.0
