day,root,expiry,side,selection_time,spot,atm_is_nearest_quoted_proxy,itm_symbol,otm_symbol,atm_symbol,itm_strike,otm_strike,atm_strike
2026-08-24,SENSEX,2026-08-27,CE,1787544900,77676.77,True,BSE:SENSEX26AUG77500CE,BSE:SENSEX26AUG78000CE,BSE:SENSEX26AUG77500CE,77500.0,78000.0,77500.0
2026-08-04,360ONE,2026-08-25,PE,1785816900,1168.4,True,NSE:360ONE26AUG1180PE,NSE:360ONE26AUG1160PE,NSE:360ONE26AUG1160PE,1180.0,1160.0,1160.0
2026-08-20,360ONE,2026-08-25,CE,1787199300,1199.5,True,NSE:360ONE26AUG1180CE,NSE:360ONE26AUG1200CE,NSE:360ONE26AUG1200CE,1180.0,1200.0,1200.0
2026-08-05,ABB,2026-08-25,CE,1785903300,7790.0,True,NSE:ABB26AUG7700CE,NSE:ABB26AUG7800CE,NSE:ABB26AUG7800CE,7700.0,7800.0,7800.0
2026-08-06,ABB,2026-08-25,CE,1785989700,7748.0,True,NSE:ABB26AUG7700CE,NSE:ABB26AUG7800CE,NSE:ABB26AUG7700CE,7700.0,7800.0,7700.0
2026-08-13,ABB,2026-08-25,CE,1786594500,7716.5,True,NSE:ABB26AUG7700CE,NSE:ABB26AUG7800CE,NSE:ABB26AUG7700CE,7700.0,7800.0,7700.0
2026-08-13,ABCAPITAL,2026-08-25,PE,1786594500,402.6,True,NSE:ABCAPITAL26AUG405PE,NSE:ABCAPITAL26AUG400PE,NSE:ABCAPITAL26AUG405PE,405.0,400.0,405.0
2026-08-24,ABCAPITAL,2026-08-25,CE,1787544900,410.7,True,NSE:ABCAPITAL26AUG410CE,NSE:ABCAPITAL26AUG415CE,NSE:ABCAPITAL26AUG410CE,410.0,415.0,410.0
2026-08-18,ADANIENT,2026-08-25,CE,1787026500,3016.4,True,NSE:ADANIENT26AUG3000CE,NSE:ADANIENT26AUG3050CE,NSE:ADANIENT26AUG3000CE,3000.0,3050.0,3000.0
2026-08-20,ADANIENT,2026-08-25,CE,1787199300,3005.6,True,NSE:ADANIENT26AUG3000CE,NSE:ADANIENT26AUG3050CE,NSE:ADANIENT26AUG3000CE,3000.0,3050.0,3000.0
2026-08-10,ADANIPORTS,2026-08-25,PE,1786335300,1680.6,True,NSE:ADANIPORTS26AUG1700PE,NSE:ADANIPORTS26AUG1660PE,NSE:ADANIPORTS26AUG1700PE,1700.0,1660.0,1700.0
2026-08-24,ALKEM,2026-08-25,PE,1787544900,5372.5,True,NSE:ALKEM26AUG5400PE,NSE:ALKEM26AUG5350PE,NSE:ALKEM26AUG5350PE,5400.0,5350.0,5350.0
2026-08-11,AMBER,2026-08-25,PE,1786421700,7131.5,True,NSE:AMBER26AUG7200PE,NSE:AMBER26AUG7000PE,NSE:AMBER26AUG7200PE,7200.0,7000.0,7200.0
2026-08-24,AMBER,2026-08-25,CE,1787544900,7364.5,True,NSE:AMBER26AUG7300CE,NSE:AMBER26AUG7400CE,NSE:AMBER26AUG7400CE,7300.0,7400.0,7400.0
2026-08-24,AMBUJACEM,2026-08-25,CE,1787544900,413.5,True,NSE:AMBUJACEM26AUG410CE,NSE:AMBUJACEM26AUG415CE,NSE:AMBUJACEM26AUG415CE,410.0,415.0,415.0
2026-08-07,ANGELONE,2026-08-25,CE,1786076100,293.6,True,NSE:ANGELONE26AUG290CE,NSE:ANGELONE26AUG295CE,NSE:ANGELONE26AUG295CE,290.0,295.0,295.0
2026-08-07,ANGELONE,2026-08-25,PE,1786076100,293.6,True,NSE:ANGELONE26AUG295PE,NSE:ANGELONE26AUG290PE,NSE:ANGELONE26AUG295PE,295.0,290.0,295.0
2026-08-04,APOLLOHOSP,2026-08-25,CE,1785816900,8841.5,True,NSE:APOLLOHOSP26AUG8800CE,NSE:APOLLOHOSP26AUG9000CE,NSE:APOLLOHOSP26AUG8800CE,8800.0,9000.0,8800.0
2026-08-05,APOLLOHOSP,2026-08-25,CE,1785903300,8864.5,True,NSE:APOLLOHOSP26AUG8800CE,NSE:APOLLOHOSP26AUG9000CE,NSE:APOLLOHOSP26AUG8800CE,8800.0,9000.0,8800.0
2026-08-06,APOLLOHOSP,2026-08-25,CE,1785989700,8979.5,True,NSE:APOLLOHOSP26AUG8800CE,NSE:APOLLOHOSP26AUG9000CE,NSE:APOLLOHOSP26AUG9000CE,8800.0,9000.0,9000.0
2026-08-10,APOLLOHOSP,2026-08-25,CE,1786335300,8895.5,True,NSE:APOLLOHOSP26AUG8800CE,NSE:APOLLOHOSP26AUG9000CE,NSE:APOLLOHOSP26AUG8800CE,8800.0,9000.0,8800.0
2026-08-11,APOLLOHOSP,2026-08-25,PE,1786421700,8764.5,True,NSE:APOLLOHOSP26AUG8800PE,NSE:APOLLOHOSP26AUG8700PE,NSE:APOLLOHOSP26AUG8800PE,8800.0,8700.0,8800.0
2026-08-24,APOLLOHOSP,2026-08-25,PE,1787544900,8652.5,True,NSE:APOLLOHOSP26AUG8700PE,NSE:APOLLOHOSP26AUG8600PE,NSE:APOLLOHOSP26AUG8700PE,8700.0,8600.0,8700.0
2026-08-03,ASHOKLEY,2026-08-25,PE,1785730500,171.38,True,NSE:ASHOKLEY26AUG172.5PE,NSE:ASHOKLEY26AUG170PE,NSE:ASHOKLEY26AUG172.5PE,172.5,170.0,172.5
2026-08-05,ASHOKLEY,2026-08-25,CE,1785903300,176.56,True,NSE:ASHOKLEY26AUG175CE,NSE:ASHOKLEY26AUG180CE,NSE:ASHOKLEY26AUG175CE,175.0,180.0,175.0
2026-08-24,ASHOKLEY,2026-08-25,PE,1787544900,172.17,True,NSE:ASHOKLEY26AUG172.5PE,NSE:ASHOKLEY26AUG170PE,NSE:ASHOKLEY26AUG172.5PE,172.5,170.0,172.5
2026-08-10,ASIANPAINT,2026-08-25,CE,1786335300,2726.1,True,NSE:ASIANPAINT26AUG2700CE,NSE:ASIANPAINT26AUG2740CE,NSE:ASIANPAINT26AUG2740CE,2700.0,2740.0,2740.0
2026-08-10,ASIANPAINT,2026-08-25,PE,1786335300,2726.1,True,NSE:ASIANPAINT26AUG2740PE,NSE:ASIANPAINT26AUG2700PE,NSE:ASIANPAINT26AUG2740PE,2740.0,2700.0,2740.0
2026-08-11,ASIANPAINT,2026-08-25,CE,1786421700,2735.1,True,NSE:ASIANPAINT26AUG2700CE,NSE:ASIANPAINT26AUG2740CE,NSE:ASIANPAINT26AUG2740CE,2700.0,2740.0,2740.0
2026-08-11,ASIANPAINT,2026-08-25,PE,1786421700,2735.1,True,NSE:ASIANPAINT26AUG2740PE,NSE:ASIANPAINT26AUG2700PE,NSE:ASIANPAINT26AUG2740PE,2740.0,2700.0,2740.0
2026-08-12,ASIANPAINT,2026-08-25,CE,1786508100,2734.1,True,NSE:ASIANPAINT26AUG2700CE,NSE:ASIANPAINT26AUG2740CE,NSE:ASIANPAINT26AUG2740CE,2700.0,2740.0,2740.0
2026-08-12,ASIANPAINT,2026-08-25,PE,1786508100,2734.1,True,NSE:ASIANPAINT26AUG2740PE,NSE:ASIANPAINT26AUG2700PE,NSE:ASIANPAINT26AUG2740PE,2740.0,2700.0,2740.0
2026-08-24,ASTRAL,2026-08-25,CE,1787544900,1542.5,True,NSE:ASTRAL26AUG1540CE,NSE:ASTRAL26AUG1560CE,NSE:ASTRAL26AUG1540CE,1540.0,1560.0,1540.0
2026-08-24,AUBANK,2026-08-25,CE,1787544900,1105.2,True,NSE:AUBANK26AUG1100CE,NSE:AUBANK26AUG1120CE,NSE:AUBANK26AUG1100CE,1100.0,1120.0,1100.0
2026-08-10,AUROPHARMA,2026-08-25,CE,1786335300,1657.1,True,NSE:AUROPHARMA26AUG1640CE,NSE:AUROPHARMA26AUG1660CE,NSE:AUROPHARMA26AUG1660CE,1640.0,1660.0,1660.0
2026-08-11,AUROPHARMA,2026-08-25,CE,1786421700,1645.6,True,NSE:AUROPHARMA26AUG1640CE,NSE:AUROPHARMA26AUG1660CE,NSE:AUROPHARMA26AUG1640CE,1640.0,1660.0,1640.0
2026-08-11,AXISBANK,2026-08-25,CE,1786421700,1230.3,True,NSE:AXISBANK26AUG1220CE,NSE:AXISBANK26AUG1240CE,NSE:AXISBANK26AUG1240CE,1220.0,1240.0,1240.0
2026-08-12,AXISBANK,2026-08-25,CE,1786508100,1232.0,True,NSE:AXISBANK26AUG1220CE,NSE:AXISBANK26AUG1240CE,NSE:AXISBANK26AUG1240CE,1220.0,1240.0,1240.0
2026-08-13,AXISBANK,2026-08-25,CE,1786594500,1223.9,True,NSE:AXISBANK26AUG1220CE,NSE:AXISBANK26AUG1240CE,NSE:AXISBANK26AUG1220CE,1220.0,1240.0,1220.0
2026-08-24,AXISBANK,2026-08-25,PE,1787544900,1239.4,True,NSE:AXISBANK26AUG1240PE,NSE:AXISBANK26AUG1220PE,NSE:AXISBANK26AUG1240PE,1240.0,1220.0,1240.0
2026-08-06,BAJAJ-AUTO,2026-08-25,CE,1785989700,11754.0,True,NSE:BAJAJ-AUTO26AUG11700CE,NSE:BAJAJ-AUTO26AUG11800CE,NSE:BAJAJ-AUTO26AUG11800CE,11700.0,11800.0,11800.0
2026-08-12,BAJAJ-AUTO,2026-08-25,CE,1786508100,11763.0,True,NSE:BAJAJ-AUTO26AUG11700CE,NSE:BAJAJ-AUTO26AUG11800CE,NSE:BAJAJ-AUTO26AUG11800CE,11700.0,11800.0,11800.0
2026-08-07,BAJAJFINSV,2026-08-25,PE,1786076100,2019.1,True,NSE:BAJAJFINSV26AUG2020PE,NSE:BAJAJFINSV26AUG2000PE,NSE:BAJAJFINSV26AUG2020PE,2020.0,2000.0,2020.0
2026-08-11,BAJAJFINSV,2026-08-25,CE,1786421700,2033.7,True,NSE:BAJAJFINSV26AUG2020CE,NSE:BAJAJFINSV26AUG2040CE,NSE:BAJAJFINSV26AUG2040CE,2020.0,2040.0,2040.0
2026-08-13,BAJAJFINSV,2026-08-25,PE,1786594500,2017.6,True,NSE:BAJAJFINSV26AUG2020PE,NSE:BAJAJFINSV26AUG2000PE,NSE:BAJAJFINSV26AUG2020PE,2020.0,2000.0,2020.0
2026-08-24,BAJAJFINSV,2026-08-25,CE,1787544900,2025.0,True,NSE:BAJAJFINSV26AUG2020CE,NSE:BAJAJFINSV26AUG2060CE,NSE:BAJAJFINSV26AUG2020CE,2020.0,2060.0,2020.0
2026-08-13,BAJFINANCE,2026-08-25,PE,1786594500,1088.2,True,NSE:BAJFINANCE26AUG1090PE,NSE:BAJFINANCE26AUG1080PE,NSE:BAJFINANCE26AUG1090PE,1090.0,1080.0,1090.0
2026-08-03,BANKBARODA,2026-08-25,PE,1785730500,246.14,True,NSE:BANKBARODA26AUG250PE,NSE:BANKBARODA26AUG245PE,NSE:BANKBARODA26AUG245PE,250.0,245.0,245.0
2026-08-05,BANKBARODA,2026-08-25,PE,1785903300,249.3,True,NSE:BANKBARODA26AUG250PE,NSE:BANKBARODA26AUG245PE,NSE:BANKBARODA26AUG250PE,250.0,245.0,250.0
2026-08-06,BANKBARODA,2026-08-25,PE,1785989700,247.5,True,NSE:BANKBARODA26AUG250PE,NSE:BANKBARODA26AUG245PE,NSE:BANKBARODA26AUG245PE,250.0,245.0,245.0
2026-08-24,BDL,2026-08-25,CE,1787544900,1363.8,True,NSE:BDL26AUG1360CE,NSE:BDL26AUG1380CE,NSE:BDL26AUG1360CE,1360.0,1380.0,1360.0
2026-08-13,BEL,2026-08-25,CE,1786594500,405.5,True,NSE:BEL26AUG400CE,NSE:BEL26AUG410CE,NSE:BEL26AUG410CE,400.0,410.0,410.0
2026-08-13,BEL,2026-08-25,PE,1786594500,405.5,True,NSE:BEL26AUG410PE,NSE:BEL26AUG400PE,NSE:BEL26AUG410PE,410.0,400.0,410.0
2026-08-11,BHARATFORG,2026-08-25,PE,1786421700,2059.8,True,NSE:BHARATFORG26AUG2060PE,NSE:BHARATFORG26AUG2040PE,NSE:BHARATFORG26AUG2060PE,2060.0,2040.0,2060.0
2026-08-12,BHARATFORG,2026-08-25,PE,1786508100,2043.6,True,NSE:BHARATFORG26AUG2060PE,NSE:BHARATFORG26AUG2040PE,NSE:BHARATFORG26AUG2040PE,2060.0,2040.0,2040.0
2026-08-13,BHARATFORG,2026-08-25,CE,1786594500,2087.7,True,NSE:BHARATFORG26AUG2080CE,NSE:BHARATFORG26AUG2100CE,NSE:BHARATFORG26AUG2080CE,2080.0,2100.0,2080.0
2026-08-24,BHARATFORG,2026-08-25,PE,1787544900,2055.0,True,NSE:BHARATFORG26AUG2060PE,NSE:BHARATFORG26AUG2040PE,NSE:BHARATFORG26AUG2060PE,2060.0,2040.0,2060.0
2026-08-03,BHARTIARTL,2026-08-25,CE,1785730500,1964.4,True,NSE:BHARTIARTL26AUG1940CE,NSE:BHARTIARTL26AUG2000CE,NSE:BHARTIARTL26AUG1940CE,1940.0,2000.0,1940.0
2026-08-05,BHARTIARTL,2026-08-25,CE,1785903300,1964.5,True,NSE:BHARTIARTL26AUG1940CE,NSE:BHARTIARTL26AUG2000CE,NSE:BHARTIARTL26AUG1940CE,1940.0,2000.0,1940.0
2026-08-06,BHARTIARTL,2026-08-25,CE,1785989700,1961.4,True,NSE:BHARTIARTL26AUG1940CE,NSE:BHARTIARTL26AUG2000CE,NSE:BHARTIARTL26AUG1940CE,1940.0,2000.0,1940.0
2026-08-05,BIOCON,2026-08-25,CE,1785903300,428.3,True,NSE:BIOCON26AUG420CE,NSE:BIOCON26AUG430CE,NSE:BIOCON26AUG430CE,420.0,430.0,430.0
2026-08-06,BIOCON,2026-08-25,CE,1785989700,426.95,True,NSE:BIOCON26AUG420CE,NSE:BIOCON26AUG430CE,NSE:BIOCON26AUG430CE,420.0,430.0,430.0
2026-08-10,BIOCON,2026-08-25,CE,1786335300,428.4,True,NSE:BIOCON26AUG420CE,NSE:BIOCON26AUG430CE,NSE:BIOCON26AUG430CE,420.0,430.0,430.0
2026-08-14,BLUESTARCO,2026-08-25,CE,1786680900,1500.9,True,NSE:BLUESTARCO26AUG1500CE,NSE:BLUESTARCO26AUG1520CE,NSE:BLUESTARCO26AUG1500CE,1500.0,1520.0,1500.0
2026-08-17,BLUESTARCO,2026-08-25,CE,1786940100,1502.5,True,NSE:BLUESTARCO26AUG1500CE,NSE:BLUESTARCO26AUG1520CE,NSE:BLUESTARCO26AUG1500CE,1500.0,1520.0,1500.0
2026-08-13,BPCL,2026-08-25,PE,1786594500,311.9,True,NSE:BPCL26AUG315PE,NSE:BPCL26AUG310PE,NSE:BPCL26AUG310PE,315.0,310.0,310.0
2026-08-24,BPCL,2026-08-25,PE,1787544900,311.45,True,NSE:BPCL26AUG315PE,NSE:BPCL26AUG310PE,NSE:BPCL26AUG310PE,315.0,310.0,310.0
2026-08-14,CAMS,2026-08-25,PE,1786680900,766.0,True,NSE:CAMS26AUG780PE,NSE:CAMS26AUG760PE,NSE:CAMS26AUG760PE,780.0,760.0,760.0
2026-08-11,CHOLAFIN,2026-08-25,CE,1786421700,1901.1,True,NSE:CHOLAFIN26AUG1900CE,NSE:CHOLAFIN26AUG1920CE,NSE:CHOLAFIN26AUG1900CE,1900.0,1920.0,1900.0
2026-08-13,CHOLAFIN,2026-08-25,CE,1786594500,1902.2,True,NSE:CHOLAFIN26AUG1900CE,NSE:CHOLAFIN26AUG1920CE,NSE:CHOLAFIN26AUG1900CE,1900.0,1920.0,1900.0
2026-08-24,CHOLAFIN,2026-08-25,PE,1787544900,1852.0,True,NSE:CHOLAFIN26AUG1880PE,NSE:CHOLAFIN26AUG1840PE,NSE:CHOLAFIN26AUG1840PE,1880.0,1840.0,1840.0
2026-08-03,COALINDIA,2026-08-25,CE,1785730500,413.8,True,NSE:COALINDIA26AUG410CE,NSE:COALINDIA26AUG415CE,NSE:COALINDIA26AUG415CE,410.0,415.0,415.0
2026-08-05,COALINDIA,2026-08-25,CE,1785903300,414.55,True,NSE:COALINDIA26AUG410CE,NSE:COALINDIA26AUG415CE,NSE:COALINDIA26AUG415CE,410.0,415.0,415.0
2026-08-06,COALINDIA,2026-08-25,CE,1785989700,414.75,True,NSE:COALINDIA26AUG410CE,NSE:COALINDIA26AUG415CE,NSE:COALINDIA26AUG415CE,410.0,415.0,415.0
2026-08-10,COALINDIA,2026-08-25,CE,1786335300,412.9,True,NSE:COALINDIA26AUG410CE,NSE:COALINDIA26AUG415CE,NSE:COALINDIA26AUG415CE,410.0,415.0,415.0
2026-08-11,COALINDIA,2026-08-25,CE,1786421700,410.85,True,NSE:COALINDIA26AUG410CE,NSE:COALINDIA26AUG415CE,NSE:COALINDIA26AUG410CE,410.0,415.0,410.0
2026-08-14,COALINDIA,2026-08-25,PE,1786680900,408.6,True,NSE:COALINDIA26AUG410PE,NSE:COALINDIA26AUG405PE,NSE:COALINDIA26AUG410PE,410.0,405.0,410.0
2026-08-24,COALINDIA,2026-08-25,CE,1787544900,407.7,True,NSE:COALINDIA26AUG405CE,NSE:COALINDIA26AUG410CE,NSE:COALINDIA26AUG410CE,405.0,410.0,410.0
2026-08-11,COLPAL,2026-08-25,CE,1786421700,2002.1,True,NSE:COLPAL26AUG2000CE,NSE:COLPAL26AUG2020CE,NSE:COLPAL26AUG2000CE,2000.0,2020.0,2000.0
2026-08-24,CROMPTON,2026-08-25,PE,1787544900,249.2,True,NSE:CROMPTON26AUG250PE,NSE:CROMPTON26AUG245PE,NSE:CROMPTON26AUG250PE,250.0,245.0,250.0
2026-08-24,CUMMINSIND,2026-08-25,PE,1787544900,5133.0,True,NSE:CUMMINSIND26AUG5200PE,NSE:CUMMINSIND26AUG5100PE,NSE:CUMMINSIND26AUG5100PE,5200.0,5100.0,5100.0
2026-08-04,DABUR,2026-08-25,CE,1785816900,416.1,True,NSE:DABUR26AUG410CE,NSE:DABUR26AUG420CE,NSE:DABUR26AUG420CE,410.0,420.0,420.0
2026-08-06,DABUR,2026-08-25,CE,1785989700,413.2,True,NSE:DABUR26AUG410CE,NSE:DABUR26AUG420CE,NSE:DABUR26AUG410CE,410.0,420.0,410.0
2026-08-11,DABUR,2026-08-25,CE,1786421700,412.0,True,NSE:DABUR26AUG410CE,NSE:DABUR26AUG420CE,NSE:DABUR26AUG410CE,410.0,420.0,410.0
2026-08-10,DELHIVERY,2026-08-25,CE,1786335300,474.9,True,NSE:DELHIVERY26AUG470CE,NSE:DELHIVERY26AUG475CE,NSE:DELHIVERY26AUG475CE,470.0,475.0,475.0
2026-08-24,DIVISLAB,2026-08-25,PE,1787544900,8485.0,True,NSE:DIVISLAB26AUG8500PE,NSE:DIVISLAB26AUG8400PE,NSE:DIVISLAB26AUG8500PE,8500.0,8400.0,8500.0
2026-08-05,DIXON,2026-08-25,CE,1785903300,14226.0,True,NSE:DIXON26AUG14000CE,NSE:DIXON26AUG14500CE,NSE:DIXON26AUG14000CE,14000.0,14500.0,14000.0
2026-08-19,DIXON,2026-08-25,CE,1787112900,14121.0,True,NSE:DIXON26AUG14000CE,NSE:DIXON26AUG14250CE,NSE:DIXON26AUG14000CE,14000.0,14250.0,14000.0
2026-08-03,DLF,2026-08-25,CE,1785730500,665.65,True,NSE:DLF26AUG660CE,NSE:DLF26AUG670CE,NSE:DLF26AUG670CE,660.0,670.0,670.0
2026-08-04,DLF,2026-08-25,PE,1785816900,653.95,True,NSE:DLF26AUG660PE,NSE:DLF26AUG650PE,NSE:DLF26AUG650PE,660.0,650.0,650.0
2026-08-05,DLF,2026-08-25,CE,1785903300,663.95,True,NSE:DLF26AUG660CE,NSE:DLF26AUG670CE,NSE:DLF26AUG660CE,660.0,670.0,660.0
2026-08-11,DLF,2026-08-25,PE,1786421700,651.6,True,NSE:DLF26AUG660PE,NSE:DLF26AUG650PE,NSE:DLF26AUG650PE,660.0,650.0,650.0
2026-08-13,DLF,2026-08-25,PE,1786594500,658.15,True,NSE:DLF26AUG660PE,NSE:DLF26AUG650PE,NSE:DLF26AUG660PE,660.0,650.0,660.0
2026-08-14,DLF,2026-08-25,CE,1786680900,661.7,True,NSE:DLF26AUG660CE,NSE:DLF26AUG670CE,NSE:DLF26AUG660CE,660.0,670.0,660.0
2026-08-17,DLF,2026-08-25,CE,1786940100,662.0,True,NSE:DLF26AUG660CE,NSE:DLF26AUG670CE,NSE:DLF26AUG660CE,660.0,670.0,660.0
2026-08-24,DRREDDY,2026-08-25,CE,1787544900,1180.3,True,NSE:DRREDDY26AUG1180CE,NSE:DRREDDY26AUG1190CE,NSE:DRREDDY26AUG1180CE,1180.0,1190.0,1180.0
2026-08-04,ETERNAL,2026-08-25,PE,1785816900,311.7,True,NSE:ETERNAL26AUG315PE,NSE:ETERNAL26AUG310PE,NSE:ETERNAL26AUG310PE,315.0,310.0,310.0
2026-08-05,ETERNAL,2026-08-25,PE,1785903300,313.3,True,NSE:ETERNAL26AUG315PE,NSE:ETERNAL26AUG310PE,NSE:ETERNAL26AUG315PE,315.0,310.0,315.0
2026-08-07,ETERNAL,2026-08-25,PE,1786076100,314.5,True,NSE:ETERNAL26AUG315PE,NSE:ETERNAL26AUG310PE,NSE:ETERNAL26AUG315PE,315.0,310.0,315.0
2026-08-10,ETERNAL,2026-08-25,PE,1786335300,311.9,True,NSE:ETERNAL26AUG315PE,NSE:ETERNAL26AUG310PE,NSE:ETERNAL26AUG310PE,315.0,310.0,310.0
2026-08-03,FEDERALBNK,2026-08-25,CE,1785730500,359.1,True,NSE:FEDERALBNK26AUG355CE,NSE:FEDERALBNK26AUG360CE,NSE:FEDERALBNK26AUG360CE,355.0,360.0,360.0
2026-08-10,FEDERALBNK,2026-08-25,CE,1786335300,356.9,True,NSE:FEDERALBNK26AUG355CE,NSE:FEDERALBNK26AUG360CE,NSE:FEDERALBNK26AUG355CE,355.0,360.0,355.0
2026-08-12,FEDERALBNK,2026-08-25,CE,1786508100,355.75,True,NSE:FEDERALBNK26AUG355CE,NSE:FEDERALBNK26AUG360CE,NSE:FEDERALBNK26AUG355CE,355.0,360.0,355.0
2026-08-24,FORTIS,2026-08-25,PE,1787544900,907.35,True,NSE:FORTIS26AUG910PE,NSE:FORTIS26AUG900PE,NSE:FORTIS26AUG910PE,910.0,900.0,910.0
2026-08-03,GAIL,2026-08-25,PE,1785730500,174.85,True,NSE:GAIL26AUG175PE,NSE:GAIL26AUG172.5PE,NSE:GAIL26AUG175PE,175.0,172.5,175.0
2026-08-04,GAIL,2026-08-25,PE,1785816900,174.65,True,NSE:GAIL26AUG175PE,NSE:GAIL26AUG172.5PE,NSE:GAIL26AUG175PE,175.0,172.5,175.0
2026-08-05,GAIL,2026-08-25,PE,1785903300,174.58,True,NSE:GAIL26AUG175PE,NSE:GAIL26AUG172.5PE,NSE:GAIL26AUG175PE,175.0,172.5,175.0
2026-08-06,GAIL,2026-08-25,CE,1785989700,176.85,True,NSE:GAIL26AUG175CE,NSE:GAIL26AUG180CE,NSE:GAIL26AUG175CE,175.0,180.0,175.0
2026-08-12,GAIL,2026-08-25,PE,1786508100,174.26,True,NSE:GAIL26AUG175PE,NSE:GAIL26AUG172.5PE,NSE:GAIL26AUG175PE,175.0,172.5,175.0
2026-08-12,GMRAIRPORT,2026-08-25,CE,1786508100,103.52,True,NSE:GMRAIRPORT26AUG103CE,NSE:GMRAIRPORT26AUG105CE,NSE:GMRAIRPORT26AUG103CE,103.0,105.0,103.0
2026-08-12,GMRAIRPORT,2026-08-25,PE,1786508100,103.52,True,NSE:GMRAIRPORT26AUG105PE,NSE:GMRAIRPORT26AUG102PE,NSE:GMRAIRPORT26AUG105PE,105.0,102.0,105.0
2026-08-13,GMRAIRPORT,2026-08-25,CE,1786594500,104.08,True,NSE:GMRAIRPORT26AUG103CE,NSE:GMRAIRPORT26AUG105CE,NSE:GMRAIRPORT26AUG105CE,103.0,105.0,105.0
2026-08-13,GMRAIRPORT,2026-08-25,PE,1786594500,104.08,True,NSE:GMRAIRPORT26AUG105PE,NSE:GMRAIRPORT26AUG102PE,NSE:GMRAIRPORT26AUG105PE,105.0,102.0,105.0
2026-08-24,GODREJCP,2026-08-25,CE,1787544900,931.4,True,NSE:GODREJCP26AUG930CE,NSE:GODREJCP26AUG950CE,NSE:GODREJCP26AUG930CE,930.0,950.0,930.0
2026-08-13,GRASIM,2026-08-25,PE,1786594500,3243.3,True,NSE:GRASIM26AUG3300PE,NSE:GRASIM26AUG3240PE,NSE:GRASIM26AUG3240PE,3300.0,3240.0,3240.0
2026-08-12,GVT&D,2026-08-25,CE,1786508100,4483.1,True,NSE:GVT&D26AUG4400CE,NSE:GVT&D26AUG4500CE,NSE:GVT&D26AUG4500CE,4400.0,4500.0,4500.0
2026-08-13,HAL,2026-08-25,PE,1786594500,4956.0,True,NSE:HAL26AUG5000PE,NSE:HAL26AUG4900PE,NSE:HAL26AUG5000PE,5000.0,4900.0,5000.0
2026-08-18,HAL,2026-08-25,CE,1787026500,5060.7,True,NSE:HAL26AUG5000CE,NSE:HAL26AUG5100CE,NSE:HAL26AUG5100CE,5000.0,5100.0,5100.0
2026-08-19,HAL,2026-08-25,CE,1787112900,5024.6,True,NSE:HAL26AUG5000CE,NSE:HAL26AUG5100CE,NSE:HAL26AUG5000CE,5000.0,5100.0,5000.0
2026-08-20,HAL,2026-08-25,CE,1787199300,5016.9,True,NSE:HAL26AUG5000CE,NSE:HAL26AUG5100CE,NSE:HAL26AUG5000CE,5000.0,5100.0,5000.0
2026-08-24,HAL,2026-08-25,PE,1787544900,4927.6,True,NSE:HAL26AUG4950PE,NSE:HAL26AUG4900PE,NSE:HAL26AUG4950PE,4950.0,4900.0,4950.0
2026-08-04,HAVELLS,2026-08-25,CE,1785816900,1287.5,True,NSE:HAVELLS26AUG1280CE,NSE:HAVELLS26AUG1300CE,NSE:HAVELLS26AUG1280CE,1280.0,1300.0,1280.0
2026-08-05,HAVELLS,2026-08-25,CE,1785903300,1288.9,True,NSE:HAVELLS26AUG1280CE,NSE:HAVELLS26AUG1300CE,NSE:HAVELLS26AUG1280CE,1280.0,1300.0,1280.0
2026-08-11,HAVELLS,2026-08-25,PE,1786421700,1277.6,True,NSE:HAVELLS26AUG1280PE,NSE:HAVELLS26AUG1260PE,NSE:HAVELLS26AUG1280PE,1280.0,1260.0,1280.0
2026-08-13,HAVELLS,2026-08-25,PE,1786594500,1264.9,True,NSE:HAVELLS26AUG1280PE,NSE:HAVELLS26AUG1260PE,NSE:HAVELLS26AUG1260PE,1280.0,1260.0,1260.0
2026-08-04,HCLTECH,2026-08-25,CE,1785816900,1368.1,True,NSE:HCLTECH26AUG1360CE,NSE:HCLTECH26AUG1380CE,NSE:HCLTECH26AUG1360CE,1360.0,1380.0,1360.0
2026-08-07,HCLTECH,2026-08-25,CE,1786076100,1368.6,True,NSE:HCLTECH26AUG1360CE,NSE:HCLTECH26AUG1380CE,NSE:HCLTECH26AUG1360CE,1360.0,1380.0,1360.0
2026-08-11,HCLTECH,2026-08-25,CE,1786421700,1371.0,True,NSE:HCLTECH26AUG1360CE,NSE:HCLTECH26AUG1380CE,NSE:HCLTECH26AUG1380CE,1360.0,1380.0,1380.0
2026-08-12,HCLTECH,2026-08-25,CE,1786508100,1365.5,True,NSE:HCLTECH26AUG1360CE,NSE:HCLTECH26AUG1380CE,NSE:HCLTECH26AUG1360CE,1360.0,1380.0,1360.0
2026-08-07,HDFCAMC,2026-08-25,CE,1786076100,2542.6,True,NSE:HDFCAMC26AUG2500CE,NSE:HDFCAMC26AUG2550CE,NSE:HDFCAMC26AUG2550CE,2500.0,2550.0,2550.0
2026-08-11,HDFCAMC,2026-08-25,CE,1786421700,2514.6,True,NSE:HDFCAMC26AUG2500CE,NSE:HDFCAMC26AUG2550CE,NSE:HDFCAMC26AUG2500CE,2500.0,2550.0,2500.0
2026-08-12,HDFCAMC,2026-08-25,CE,1786508100,2507.1,True,NSE:HDFCAMC26AUG2500CE,NSE:HDFCAMC26AUG2550CE,NSE:HDFCAMC26AUG2500CE,2500.0,2550.0,2500.0
2026-08-13,HDFCAMC,2026-08-25,PE,1786594500,2489.1,True,NSE:HDFCAMC26AUG2500PE,NSE:HDFCAMC26AUG2450PE,NSE:HDFCAMC26AUG2500PE,2500.0,2450.0,2500.0
2026-08-24,HDFCAMC,2026-08-25,CE,1787544900,2618.3,True,NSE:HDFCAMC26AUG2600CE,NSE:HDFCAMC26AUG2650CE,NSE:HDFCAMC26AUG2600CE,2600.0,2650.0,2600.0
2026-08-10,HEROMOTOCO,2026-08-25,CE,1786335300,5890.0,True,NSE:HEROMOTOCO26AUG5800CE,NSE:HEROMOTOCO26AUG5900CE,NSE:HEROMOTOCO26AUG5900CE,5800.0,5900.0,5900.0
2026-08-12,HEROMOTOCO,2026-08-25,CE,1786508100,5889.5,True,NSE:HEROMOTOCO26AUG5800CE,NSE:HEROMOTOCO26AUG5900CE,NSE:HEROMOTOCO26AUG5900CE,5800.0,5900.0,5900.0
2026-08-24,HEROMOTOCO,2026-08-25,PE,1787544900,5668.0,True,NSE:HEROMOTOCO26AUG5700PE,NSE:HEROMOTOCO26AUG5600PE,NSE:HEROMOTOCO26AUG5700PE,5700.0,5600.0,5700.0
2026-08-06,HINDALCO,2026-08-25,PE,1785989700,1021.85,True,NSE:HINDALCO26AUG1040PE,NSE:HINDALCO26AUG1020PE,NSE:HINDALCO26AUG1020PE,1040.0,1020.0,1020.0
2026-08-07,HINDALCO,2026-08-25,PE,1786076100,1030.55,True,NSE:HINDALCO26AUG1040PE,NSE:HINDALCO26AUG1020PE,NSE:HINDALCO26AUG1040PE,1040.0,1020.0,1040.0
2026-08-10,HINDALCO,2026-08-25,CE,1786335300,1051.8,True,NSE:HINDALCO26AUG1040CE,NSE:HINDALCO26AUG1060CE,NSE:HINDALCO26AUG1060CE,1040.0,1060.0,1060.0
2026-08-11,HINDALCO,2026-08-25,CE,1786421700,1058.25,True,NSE:HINDALCO26AUG1040CE,NSE:HINDALCO26AUG1060CE,NSE:HINDALCO26AUG1060CE,1040.0,1060.0,1060.0
2026-08-13,HINDALCO,2026-08-25,CE,1786594500,1054.9,True,NSE:HINDALCO26AUG1040CE,NSE:HINDALCO26AUG1060CE,NSE:HINDALCO26AUG1060CE,1040.0,1060.0,1060.0
2026-08-24,HINDALCO,2026-08-25,CE,1787544900,1045.7,True,NSE:HINDALCO26AUG1040CE,NSE:HINDALCO26AUG1060CE,NSE:HINDALCO26AUG1040CE,1040.0,1060.0,1040.0
2026-08-24,HINDUNILVR,2026-08-25,PE,1787544900,2019.0,True,NSE:HINDUNILVR26AUG2020PE,NSE:HINDUNILVR26AUG2000PE,NSE:HINDUNILVR26AUG2020PE,2020.0,2000.0,2020.0
2026-08-03,HYUNDAI,2026-08-25,CE,1785730500,2224.0,True,NSE:HYUNDAI26AUG2200CE,NSE:HYUNDAI26AUG2240CE,NSE:HYUNDAI26AUG2240CE,2200.0,2240.0,2240.0
2026-08-04,HYUNDAI,2026-08-25,CE,1785816900,2221.9,True,NSE:HYUNDAI26AUG2200CE,NSE:HYUNDAI26AUG2240CE,NSE:HYUNDAI26AUG2240CE,2200.0,2240.0,2240.0
2026-08-05,HYUNDAI,2026-08-25,CE,1785903300,2220.1,True,NSE:HYUNDAI26AUG2200CE,NSE:HYUNDAI26AUG2240CE,NSE:HYUNDAI26AUG2240CE,2200.0,2240.0,2240.0
2026-08-10,HYUNDAI,2026-08-25,CE,1786335300,2215.6,True,NSE:HYUNDAI26AUG2200CE,NSE:HYUNDAI26AUG2240CE,NSE:HYUNDAI26AUG2200CE,2200.0,2240.0,2200.0
2026-08-10,ICICIBANK,2026-08-25,CE,1786335300,1427.0,True,NSE:ICICIBANK26AUG1420CE,NSE:ICICIBANK26AUG1430CE,NSE:ICICIBANK26AUG1430CE,1420.0,1430.0,1430.0
2026-08-11,ICICIBANK,2026-08-25,CE,1786421700,1424.1,True,NSE:ICICIBANK26AUG1420CE,NSE:ICICIBANK26AUG1430CE,NSE:ICICIBANK26AUG1420CE,1420.0,1430.0,1420.0
2026-08-12,ICICIBANK,2026-08-25,CE,1786508100,1429.9,True,NSE:ICICIBANK26AUG1420CE,NSE:ICICIBANK26AUG1430CE,NSE:ICICIBANK26AUG1430CE,1420.0,1430.0,1430.0
2026-08-13,ICICIBANK,2026-08-25,PE,1786594500,1416.6,True,NSE:ICICIBANK26AUG1420PE,NSE:ICICIBANK26AUG1410PE,NSE:ICICIBANK26AUG1420PE,1420.0,1410.0,1420.0
2026-08-24,ICICIBANK,2026-08-25,CE,1787544900,1424.4,True,NSE:ICICIBANK26AUG1420CE,NSE:ICICIBANK26AUG1430CE,NSE:ICICIBANK26AUG1420CE,1420.0,1430.0,1420.0
2026-08-04,ICICIGI,2026-08-25,CE,1785816900,1651.3,True,NSE:ICICIGI26AUG1640CE,NSE:ICICIGI26AUG1660CE,NSE:ICICIGI26AUG1660CE,1640.0,1660.0,1660.0
2026-08-24,ICICIGI,2026-08-25,CE,1787544900,1623.9,True,NSE:ICICIGI26AUG1620CE,NSE:ICICIGI26AUG1640CE,NSE:ICICIGI26AUG1620CE,1620.0,1640.0,1620.0
2026-08-06,ICICIPRULI,2026-08-25,CE,1785989700,508.0,True,NSE:ICICIPRULI26AUG500CE,NSE:ICICIPRULI26AUG510CE,NSE:ICICIPRULI26AUG510CE,500.0,510.0,510.0
2026-08-11,ICICIPRULI,2026-08-25,PE,1786421700,493.5,True,NSE:ICICIPRULI26AUG500PE,NSE:ICICIPRULI26AUG490PE,NSE:ICICIPRULI26AUG490PE,500.0,490.0,490.0
2026-08-12,ICICIPRULI,2026-08-25,PE,1786508100,497.15,True,NSE:ICICIPRULI26AUG500PE,NSE:ICICIPRULI26AUG490PE,NSE:ICICIPRULI26AUG500PE,500.0,490.0,500.0
2026-08-13,ICICIPRULI,2026-08-25,CE,1786594500,505.45,True,NSE:ICICIPRULI26AUG500CE,NSE:ICICIPRULI26AUG510CE,NSE:ICICIPRULI26AUG510CE,500.0,510.0,510.0
2026-08-04,IDFCFIRSTB,2026-08-25,CE,1785816900,85.81,True,NSE:IDFCFIRSTB26AUG85CE,NSE:IDFCFIRSTB26AUG86CE,NSE:IDFCFIRSTB26AUG86CE,85.0,86.0,86.0
2026-08-05,IDFCFIRSTB,2026-08-25,CE,1785903300,85.79,True,NSE:IDFCFIRSTB26AUG85CE,NSE:IDFCFIRSTB26AUG86CE,NSE:IDFCFIRSTB26AUG86CE,85.0,86.0,86.0
2026-08-06,IDFCFIRSTB,2026-08-25,PE,1785989700,84.93,True,NSE:IDFCFIRSTB26AUG85PE,NSE:IDFCFIRSTB26AUG84PE,NSE:IDFCFIRSTB26AUG85PE,85.0,84.0,85.0
2026-08-11,IDFCFIRSTB,2026-08-25,PE,1786421700,84.48,True,NSE:IDFCFIRSTB26AUG85PE,NSE:IDFCFIRSTB26AUG84PE,NSE:IDFCFIRSTB26AUG84PE,85.0,84.0,84.0
2026-08-19,IDFCFIRSTB,2026-08-25,CE,1787112900,85.06,True,NSE:IDFCFIRSTB26AUG85CE,NSE:IDFCFIRSTB26AUG86CE,NSE:IDFCFIRSTB26AUG85CE,85.0,86.0,85.0
2026-08-24,IDFCFIRSTB,2026-08-25,CE,1787544900,86.24,True,NSE:IDFCFIRSTB26AUG86CE,NSE:IDFCFIRSTB26AUG87CE,NSE:IDFCFIRSTB26AUG86CE,86.0,87.0,86.0
2026-08-11,INDHOTEL,2026-08-25,CE,1786421700,723.0,True,NSE:INDHOTEL26AUG720CE,NSE:INDHOTEL26AUG730CE,NSE:INDHOTEL26AUG720CE,720.0,730.0,720.0
2026-08-07,INDIANB,2026-08-25,CE,1786076100,884.6,True,NSE:INDIANB26AUG880CE,NSE:INDIANB26AUG900CE,NSE:INDIANB26AUG880CE,880.0,900.0,880.0
2026-08-10,INDIANB,2026-08-25,CE,1786335300,891.0,True,NSE:INDIANB26AUG880CE,NSE:INDIANB26AUG900CE,NSE:INDIANB26AUG900CE,880.0,900.0,900.0
2026-08-12,INDIANB,2026-08-25,CE,1786508100,895.3,True,NSE:INDIANB26AUG880CE,NSE:INDIANB26AUG900CE,NSE:INDIANB26AUG900CE,880.0,900.0,900.0
2026-08-13,INDIANB,2026-08-25,CE,1786594500,892.2,True,NSE:INDIANB26AUG880CE,NSE:INDIANB26AUG900CE,NSE:INDIANB26AUG900CE,880.0,900.0,900.0
2026-08-03,INDIGO,2026-08-25,CE,1785730500,5300.5,True,NSE:INDIGO26AUG5300CE,NSE:INDIGO26AUG5400CE,NSE:INDIGO26AUG5300CE,5300.0,5400.0,5300.0
2026-08-07,INDIGO,2026-08-25,CE,1786076100,5345.0,True,NSE:INDIGO26AUG5300CE,NSE:INDIGO26AUG5400CE,NSE:INDIGO26AUG5300CE,5300.0,5400.0,5300.0
2026-08-10,INDIGO,2026-08-25,CE,1786335300,5320.0,True,NSE:INDIGO26AUG5300CE,NSE:INDIGO26AUG5400CE,NSE:INDIGO26AUG5300CE,5300.0,5400.0,5300.0
2026-08-11,INDIGO,2026-08-25,PE,1786421700,5264.0,True,NSE:INDIGO26AUG5300PE,NSE:INDIGO26AUG5200PE,NSE:INDIGO26AUG5300PE,5300.0,5200.0,5300.0
2026-08-12,INDIGO,2026-08-25,PE,1786508100,5243.5,True,NSE:INDIGO26AUG5300PE,NSE:INDIGO26AUG5200PE,NSE:INDIGO26AUG5200PE,5300.0,5200.0,5200.0
2026-08-03,INDUSINDBK,2026-08-25,PE,1785730500,1017.6,True,NSE:INDUSINDBK26AUG1020PE,NSE:INDUSINDBK26AUG1000PE,NSE:INDUSINDBK26AUG1020PE,1020.0,1000.0,1020.0
2026-08-11,INDUSINDBK,2026-08-25,PE,1786421700,1015.5,True,NSE:INDUSINDBK26AUG1020PE,NSE:INDUSINDBK26AUG1000PE,NSE:INDUSINDBK26AUG1020PE,1020.0,1000.0,1020.0
2026-08-12,INDUSINDBK,2026-08-25,PE,1786508100,1014.2,True,NSE:INDUSINDBK26AUG1020PE,NSE:INDUSINDBK26AUG1000PE,NSE:INDUSINDBK26AUG1020PE,1020.0,1000.0,1020.0
2026-08-13,INDUSINDBK,2026-08-25,PE,1786594500,1010.2,True,NSE:INDUSINDBK26AUG1020PE,NSE:INDUSINDBK26AUG1000PE,NSE:INDUSINDBK26AUG1020PE,1020.0,1000.0,1020.0
2026-08-24,INDUSINDBK,2026-08-25,CE,1787544900,1012.6,True,NSE:INDUSINDBK26AUG1010CE,NSE:INDUSINDBK26AUG1020CE,NSE:INDUSINDBK26AUG1010CE,1010.0,1020.0,1010.0
2026-08-04,INFY,2026-08-25,PE,1785816900,1162.4,True,NSE:INFY26AUG1180PE,NSE:INFY26AUG1160PE,NSE:INFY26AUG1160PE,1180.0,1160.0,1160.0
2026-08-05,INFY,2026-08-25,PE,1785903300,1169.5,True,NSE:INFY26AUG1180PE,NSE:INFY26AUG1160PE,NSE:INFY26AUG1160PE,1180.0,1160.0,1160.0
2026-08-06,INFY,2026-08-25,PE,1785989700,1172.5,True,NSE:INFY26AUG1180PE,NSE:INFY26AUG1160PE,NSE:INFY26AUG1180PE,1180.0,1160.0,1180.0
2026-08-07,INFY,2026-08-25,CE,1786076100,1180.7,True,NSE:INFY26AUG1175CE,NSE:INFY26AUG1200CE,NSE:INFY26AUG1175CE,1175.0,1200.0,1175.0
2026-08-10,INFY,2026-08-25,CE,1786335300,1178.6,True,NSE:INFY26AUG1175CE,NSE:INFY26AUG1200CE,NSE:INFY26AUG1175CE,1175.0,1200.0,1175.0
2026-08-10,INFY,2026-08-25,PE,1786335300,1178.6,True,NSE:INFY26AUG1180PE,NSE:INFY26AUG1160PE,NSE:INFY26AUG1180PE,1180.0,1160.0,1180.0
2026-08-11,INFY,2026-08-25,CE,1786421700,1189.2,True,NSE:INFY26AUG1175CE,NSE:INFY26AUG1200CE,NSE:INFY26AUG1200CE,1175.0,1200.0,1200.0
2026-08-12,INFY,2026-08-25,CE,1786508100,1189.1,True,NSE:INFY26AUG1175CE,NSE:INFY26AUG1200CE,NSE:INFY26AUG1200CE,1175.0,1200.0,1200.0
2026-08-13,INFY,2026-08-25,PE,1786594500,1165.2,True,NSE:INFY26AUG1180PE,NSE:INFY26AUG1160PE,NSE:INFY26AUG1160PE,1180.0,1160.0,1160.0
2026-08-24,IOC,2026-08-25,PE,1787544900,136.44,True,NSE:IOC26AUG137.5PE,NSE:IOC26AUG135PE,NSE:IOC26AUG137.5PE,137.5,135.0,137.5
2026-08-24,IREDA,2026-08-25,CE,1787544900,115.82,True,NSE:IREDA26AUG115CE,NSE:IREDA26AUG117.5CE,NSE:IREDA26AUG115CE,115.0,117.5,115.0
2026-08-12,IRFC,2026-08-25,PE,1786508100,87.92,True,NSE:IRFC26AUG88PE,NSE:IRFC26AUG87PE,NSE:IRFC26AUG88PE,88.0,87.0,88.0
2026-08-03,JINDALSTEL,2026-08-25,CE,1785730500,1113.8,True,NSE:JINDALSTEL26AUG1100CE,NSE:JINDALSTEL26AUG1120CE,NSE:JINDALSTEL26AUG1120CE,1100.0,1120.0,1120.0
2026-08-04,JINDALSTEL,2026-08-25,CE,1785816900,1116.0,True,NSE:JINDALSTEL26AUG1100CE,NSE:JINDALSTEL26AUG1120CE,NSE:JINDALSTEL26AUG1120CE,1100.0,1120.0,1120.0
2026-08-06,JINDALSTEL,2026-08-25,CE,1785989700,1118.7,True,NSE:JINDALSTEL26AUG1100CE,NSE:JINDALSTEL26AUG1120CE,NSE:JINDALSTEL26AUG1120CE,1100.0,1120.0,1120.0
2026-08-10,JINDALSTEL,2026-08-25,CE,1786335300,1113.3,True,NSE:JINDALSTEL26AUG1100CE,NSE:JINDALSTEL26AUG1120CE,NSE:JINDALSTEL26AUG1120CE,1100.0,1120.0,1120.0
2026-08-11,JINDALSTEL,2026-08-25,CE,1786421700,1112.2,True,NSE:JINDALSTEL26AUG1100CE,NSE:JINDALSTEL26AUG1120CE,NSE:JINDALSTEL26AUG1120CE,1100.0,1120.0,1120.0
2026-08-12,JINDALSTEL,2026-08-25,PE,1786508100,1096.2,True,NSE:JINDALSTEL26AUG1100PE,NSE:JINDALSTEL26AUG1080PE,NSE:JINDALSTEL26AUG1100PE,1100.0,1080.0,1100.0
2026-08-13,JINDALSTEL,2026-08-25,CE,1786594500,1100.5,True,NSE:JINDALSTEL26AUG1100CE,NSE:JINDALSTEL26AUG1120CE,NSE:JINDALSTEL26AUG1100CE,1100.0,1120.0,1100.0
2026-08-11,JIOFIN,2026-08-25,CE,1786421700,252.45,True,NSE:JIOFIN26AUG250CE,NSE:JIOFIN26AUG255CE,NSE:JIOFIN26AUG250CE,250.0,255.0,250.0
2026-08-12,JIOFIN,2026-08-25,CE,1786508100,250.8,True,NSE:JIOFIN26AUG250CE,NSE:JIOFIN26AUG255CE,NSE:JIOFIN26AUG250CE,250.0,255.0,250.0
2026-08-24,JSWENERGY,2026-08-25,CE,1787544900,552.2,True,NSE:JSWENERGY26AUG550CE,NSE:JSWENERGY26AUG560CE,NSE:JSWENERGY26AUG550CE,550.0,560.0,550.0
2026-08-03,JSWSTEEL,2026-08-25,PE,1785730500,1278.7,True,NSE:JSWSTEEL26AUG1280PE,NSE:JSWSTEEL26AUG1260PE,NSE:JSWSTEEL26AUG1280PE,1280.0,1260.0,1280.0
2026-08-04,JSWSTEEL,2026-08-25,CE,1785816900,1285.0,True,NSE:JSWSTEEL26AUG1280CE,NSE:JSWSTEEL26AUG1300CE,NSE:JSWSTEEL26AUG1280CE,1280.0,1300.0,1280.0
2026-08-12,JSWSTEEL,2026-08-25,CE,1786508100,1284.6,True,NSE:JSWSTEEL26AUG1280CE,NSE:JSWSTEEL26AUG1300CE,NSE:JSWSTEEL26AUG1280CE,1280.0,1300.0,1280.0
2026-08-13,JSWSTEEL,2026-08-25,PE,1786594500,1267.6,True,NSE:JSWSTEEL26AUG1280PE,NSE:JSWSTEEL26AUG1260PE,NSE:JSWSTEEL26AUG1260PE,1280.0,1260.0,1260.0
2026-08-24,JSWSTEEL,2026-08-25,CE,1787544900,1300.1,True,NSE:JSWSTEEL26AUG1300CE,NSE:JSWSTEEL26AUG1320CE,NSE:JSWSTEEL26AUG1300CE,1300.0,1320.0,1300.0
2026-08-24,KALYANKJIL,2026-08-25,CE,1787544900,606.0,True,NSE:KALYANKJIL26AUG600CE,NSE:KALYANKJIL26AUG610CE,NSE:KALYANKJIL26AUG610CE,600.0,610.0,610.0
2026-08-24,KAYNES,2026-08-25,CE,1787544900,3919.6,True,NSE:KAYNES26AUG3900CE,NSE:KAYNES26AUG3950CE,NSE:KAYNES26AUG3900CE,3900.0,3950.0,3900.0
2026-08-24,KFINTECH,2026-08-25,CE,1787544900,982.4,True,NSE:KFINTECH26AUG980CE,NSE:KFINTECH26AUG1000CE,NSE:KFINTECH26AUG980CE,980.0,1000.0,980.0
2026-08-24,KOTAKBANK,2026-08-25,CE,1787544900,403.25,True,NSE:KOTAKBANK26AUG400CE,NSE:KOTAKBANK26AUG405CE,NSE:KOTAKBANK26AUG405CE,400.0,405.0,405.0
2026-08-04,KPITTECH,2026-08-25,CE,1785816900,623.75,True,NSE:KPITTECH26AUG620CE,NSE:KPITTECH26AUG630CE,NSE:KPITTECH26AUG620CE,620.0,630.0,620.0
2026-08-03,LAURUSLABS,2026-08-25,PE,1785730500,1817.4,True,NSE:LAURUSLABS26AUG1840PE,NSE:LAURUSLABS26AUG1800PE,NSE:LAURUSLABS26AUG1800PE,1840.0,1800.0,1800.0
2026-08-04,LAURUSLABS,2026-08-25,PE,1785816900,1820.8,True,NSE:LAURUSLABS26AUG1840PE,NSE:LAURUSLABS26AUG1800PE,NSE:LAURUSLABS26AUG1840PE,1840.0,1800.0,1840.0
2026-08-13,LAURUSLABS,2026-08-25,PE,1786594500,1833.0,True,NSE:LAURUSLABS26AUG1840PE,NSE:LAURUSLABS26AUG1800PE,NSE:LAURUSLABS26AUG1840PE,1840.0,1800.0,1840.0
2026-08-07,LICHSGFIN,2026-08-25,CE,1786076100,506.55,True,NSE:LICHSGFIN26AUG500CE,NSE:LICHSGFIN26AUG510CE,NSE:LICHSGFIN26AUG510CE,500.0,510.0,510.0
2026-08-10,LICHSGFIN,2026-08-25,CE,1786335300,501.75,True,NSE:LICHSGFIN26AUG500CE,NSE:LICHSGFIN26AUG510CE,NSE:LICHSGFIN26AUG500CE,500.0,510.0,500.0
2026-08-13,LICHSGFIN,2026-08-25,CE,1786594500,504.1,True,NSE:LICHSGFIN26AUG500CE,NSE:LICHSGFIN26AUG510CE,NSE:LICHSGFIN26AUG500CE,500.0,510.0,500.0
2026-08-13,LICI,2026-08-25,CE,1786594500,413.4,True,NSE:LICI26AUG410CE,NSE:LICI26AUG420CE,NSE:LICI26AUG410CE,410.0,420.0,410.0
2026-08-24,LICI,2026-08-25,CE,1787544900,422.65,True,NSE:LICI26AUG420CE,NSE:LICI26AUG425CE,NSE:LICI26AUG425CE,420.0,425.0,425.0
2026-08-24,LODHA,2026-08-25,CE,1787544900,1249.6,True,NSE:LODHA26AUG1240CE,NSE:LODHA26AUG1260CE,NSE:LODHA26AUG1240CE,1240.0,1260.0,1240.0
2026-08-04,LT,2026-08-25,PE,1785816900,4030.0,True,NSE:LT26AUG4050PE,NSE:LT26AUG4000PE,NSE:LT26AUG4050PE,4050.0,4000.0,4050.0
2026-08-05,LT,2026-08-25,CE,1785903300,4070.0,True,NSE:LT26AUG4050CE,NSE:LT26AUG4100CE,NSE:LT26AUG4050CE,4050.0,4100.0,4050.0
2026-08-06,LT,2026-08-25,CE,1785989700,4062.9,True,NSE:LT26AUG4050CE,NSE:LT26AUG4100CE,NSE:LT26AUG4050CE,4050.0,4100.0,4050.0
2026-08-07,LT,2026-08-25,CE,1786076100,4059.7,True,NSE:LT26AUG4050CE,NSE:LT26AUG4100CE,NSE:LT26AUG4050CE,4050.0,4100.0,4050.0
2026-08-10,LT,2026-08-25,PE,1786335300,4030.1,True,NSE:LT26AUG4050PE,NSE:LT26AUG4000PE,NSE:LT26AUG4050PE,4050.0,4000.0,4050.0
2026-08-11,LT,2026-08-25,CE,1786421700,4051.8,True,NSE:LT26AUG4050CE,NSE:LT26AUG4100CE,NSE:LT26AUG4050CE,4050.0,4100.0,4050.0
2026-08-12,LT,2026-08-25,PE,1786508100,4008.5,True,NSE:LT26AUG4050PE,NSE:LT26AUG4000PE,NSE:LT26AUG4000PE,4050.0,4000.0,4000.0
2026-08-13,LT,2026-08-25,PE,1786594500,4008.6,True,NSE:LT26AUG4050PE,NSE:LT26AUG4000PE,NSE:LT26AUG4000PE,4050.0,4000.0,4000.0
2026-08-13,LTF,2026-08-25,CE,1786594500,315.6,True,NSE:LTF26AUG310CE,NSE:LTF26AUG320CE,NSE:LTF26AUG320CE,310.0,320.0,320.0
2026-08-24,LTF,2026-08-25,CE,1787544900,321.4,True,NSE:LTF26AUG320CE,NSE:LTF26AUG325CE,NSE:LTF26AUG320CE,320.0,325.0,320.0
2026-08-11,LUPIN,2026-08-25,CE,1786421700,2272.2,True,NSE:LUPIN26AUG2260CE,NSE:LUPIN26AUG2300CE,NSE:LUPIN26AUG2260CE,2260.0,2300.0,2260.0
2026-08-13,LUPIN,2026-08-25,CE,1786594500,2262.8,True,NSE:LUPIN26AUG2260CE,NSE:LUPIN26AUG2300CE,NSE:LUPIN26AUG2260CE,2260.0,2300.0,2260.0
2026-08-03,M&M,2026-08-25,PE,1785730500,3412.5,True,NSE:M&M26AUG3450PE,NSE:M&M26AUG3400PE,NSE:M&M26AUG3400PE,3450.0,3400.0,3400.0
2026-08-04,M&M,2026-08-25,PE,1785816900,3408.6,True,NSE:M&M26AUG3450PE,NSE:M&M26AUG3400PE,NSE:M&M26AUG3400PE,3450.0,3400.0,3400.0
2026-08-06,M&M,2026-08-25,PE,1785989700,3429.4,True,NSE:M&M26AUG3450PE,NSE:M&M26AUG3400PE,NSE:M&M26AUG3450PE,3450.0,3400.0,3450.0
2026-08-12,M&M,2026-08-25,PE,1786508100,3449.0,True,NSE:M&M26AUG3450PE,NSE:M&M26AUG3400PE,NSE:M&M26AUG3450PE,3450.0,3400.0,3450.0
2026-08-03,MANAPPURAM,2026-08-25,CE,1785730500,365.0,True,NSE:MANAPPURAM26AUG360CE,NSE:MANAPPURAM26AUG370CE,NSE:MANAPPURAM26AUG360CE,360.0,370.0,360.0
2026-08-05,MANAPPURAM,2026-08-25,CE,1785903300,362.9,True,NSE:MANAPPURAM26AUG360CE,NSE:MANAPPURAM26AUG370CE,NSE:MANAPPURAM26AUG360CE,360.0,370.0,360.0
2026-08-05,MARICO,2026-08-25,CE,1785903300,861.3,True,NSE:MARICO26AUG860CE,NSE:MARICO26AUG870CE,NSE:MARICO26AUG860CE,860.0,870.0,860.0
2026-08-07,MARICO,2026-08-25,CE,1786076100,861.55,True,NSE:MARICO26AUG860CE,NSE:MARICO26AUG870CE,NSE:MARICO26AUG860CE,860.0,870.0,860.0
2026-08-03,MARUTI,2026-08-25,CE,1785730500,13993.0,True,NSE:MARUTI26AUG13900CE,NSE:MARUTI26AUG14200CE,NSE:MARUTI26AUG13900CE,13900.0,14200.0,13900.0
2026-08-03,MARUTI,2026-08-25,PE,1785730500,13993.0,True,NSE:MARUTI26AUG14000PE,NSE:MARUTI26AUG13800PE,NSE:MARUTI26AUG14000PE,14000.0,13800.0,14000.0
2026-08-04,MARUTI,2026-08-25,CE,1785816900,14145.0,True,NSE:MARUTI26AUG13900CE,NSE:MARUTI26AUG14200CE,NSE:MARUTI26AUG14200CE,13900.0,14200.0,14200.0
2026-08-10,MARUTI,2026-08-25,CE,1786335300,14039.0,True,NSE:MARUTI26AUG13900CE,NSE:MARUTI26AUG14200CE,NSE:MARUTI26AUG13900CE,13900.0,14200.0,13900.0
2026-08-11,MARUTI,2026-08-25,CE,1786421700,14111.0,True,NSE:MARUTI26AUG13900CE,NSE:MARUTI26AUG14200CE,NSE:MARUTI26AUG14200CE,13900.0,14200.0,14200.0
2026-08-12,MARUTI,2026-08-25,CE,1786508100,13977.0,True,NSE:MARUTI26AUG13900CE,NSE:MARUTI26AUG14200CE,NSE:MARUTI26AUG13900CE,13900.0,14200.0,13900.0
2026-08-12,MARUTI,2026-08-25,PE,1786508100,13977.0,True,NSE:MARUTI26AUG14000PE,NSE:MARUTI26AUG13800PE,NSE:MARUTI26AUG14000PE,14000.0,13800.0,14000.0
2026-08-13,MARUTI,2026-08-25,PE,1786594500,13909.0,True,NSE:MARUTI26AUG14000PE,NSE:MARUTI26AUG13800PE,NSE:MARUTI26AUG14000PE,14000.0,13800.0,14000.0
2026-08-17,MARUTI,2026-08-25,PE,1786940100,13875.0,True,NSE:MARUTI26AUG14000PE,NSE:MARUTI26AUG13800PE,NSE:MARUTI26AUG13800PE,14000.0,13800.0,13800.0
2026-08-18,MARUTI,2026-08-25,PE,1787026500,13831.0,True,NSE:MARUTI26AUG14000PE,NSE:MARUTI26AUG13800PE,NSE:MARUTI26AUG13800PE,14000.0,13800.0,13800.0
2026-08-24,MARUTI,2026-08-25,PE,1787544900,13545.0,True,NSE:MARUTI26AUG13700PE,NSE:MARUTI26AUG13500PE,NSE:MARUTI26AUG13500PE,13700.0,13500.0,13500.0
2026-08-05,MFSL,2026-08-25,CE,1785903300,1530.2,True,NSE:MFSL26AUG1500CE,NSE:MFSL26AUG1560CE,NSE:MFSL26AUG1560CE,1500.0,1560.0,1560.0
2026-08-10,MFSL,2026-08-25,PE,1786335300,1485.3,True,NSE:MFSL26AUG1500PE,NSE:MFSL26AUG1480PE,NSE:MFSL26AUG1480PE,1500.0,1480.0,1480.0
2026-08-11,MFSL,2026-08-25,PE,1786421700,1485.2,True,NSE:MFSL26AUG1500PE,NSE:MFSL26AUG1480PE,NSE:MFSL26AUG1480PE,1500.0,1480.0,1480.0
2026-08-24,NAM-INDIA,2026-08-25,CE,1787544900,1261.8,True,NSE:NAM-INDIA26AUG1260CE,NSE:NAM-INDIA26AUG1280CE,NSE:NAM-INDIA26AUG1260CE,1260.0,1280.0,1260.0
2026-08-10,NATIONALUM,2026-08-25,CE,1786335300,385.7,True,NSE:NATIONALUM26AUG380CE,NSE:NATIONALUM26AUG390CE,NSE:NATIONALUM26AUG390CE,380.0,390.0,390.0
2026-08-12,NAUKRI,2026-08-25,PE,1786508100,1341.0,True,NSE:NAUKRI26AUG1360PE,NSE:NAUKRI26AUG1340PE,NSE:NAUKRI26AUG1340PE,1360.0,1340.0,1340.0
2026-08-24,NAUKRI,2026-08-25,PE,1787544900,1355.3,True,NSE:NAUKRI26AUG1360PE,NSE:NAUKRI26AUG1340PE,NSE:NAUKRI26AUG1360PE,1360.0,1340.0,1360.0
2026-08-24,NESTLEIND,2026-08-25,PE,1787544900,1476.6,True,NSE:NESTLEIND26AUG1480PE,NSE:NESTLEIND26AUG1460PE,NSE:NESTLEIND26AUG1480PE,1480.0,1460.0,1480.0
2026-08-10,NHPC,2026-08-25,PE,1786335300,76.73,True,NSE:NHPC26AUG77PE,NSE:NHPC26AUG76PE,NSE:NHPC26AUG77PE,77.0,76.0,77.0
2026-08-11,NIFTY,2026-08-18,CE,1786421700,24479.25,True,NSE:NIFTY2681824400CE,NSE:NIFTY2681824500CE,NSE:NIFTY2681824500CE,24400.0,24500.0,24500.0
2026-08-11,NIFTY,2026-08-18,PE,1786421700,24479.25,True,NSE:NIFTY2681824500PE,NSE:NIFTY2681824350PE,NSE:NIFTY2681824500PE,24500.0,24350.0,24500.0
2026-08-12,NIFTY,2026-08-18,CE,1786508100,24428.0,True,NSE:NIFTY2681824400CE,NSE:NIFTY2681824500CE,NSE:NIFTY2681824400CE,24400.0,24500.0,24400.0
2026-08-12,NIFTY,2026-08-18,PE,1786508100,24428.0,True,NSE:NIFTY2681824500PE,NSE:NIFTY2681824350PE,NSE:NIFTY2681824500PE,24500.0,24350.0,24500.0
2026-08-24,NIFTY,2026-08-25,CE,1787544900,24281.65,True,NSE:NIFTY26AUG24250CE,NSE:NIFTY26AUG24300CE,NSE:NIFTY26AUG24300CE,24250.0,24300.0,24300.0
2026-08-05,NMDC,2026-08-25,PE,1785903300,84.9,True,NSE:NMDC26AUG85PE,NSE:NMDC26AUG84PE,NSE:NMDC26AUG85PE,85.0,84.0,85.0
2026-08-07,NMDC,2026-08-25,CE,1786076100,85.03,True,NSE:NMDC26AUG85CE,NSE:NMDC26AUG86CE,NSE:NMDC26AUG85CE,85.0,86.0,85.0
2026-08-10,NMDC,2026-08-25,CE,1786335300,85.97,True,NSE:NMDC26AUG85CE,NSE:NMDC26AUG86CE,NSE:NMDC26AUG86CE,85.0,86.0,86.0
2026-08-05,NTPC,2026-08-25,CE,1785903300,346.75,True,NSE:NTPC26AUG340CE,NSE:NTPC26AUG350CE,NSE:NTPC26AUG350CE,340.0,350.0,350.0
2026-08-06,NTPC,2026-08-25,CE,1785989700,346.5,True,NSE:NTPC26AUG340CE,NSE:NTPC26AUG350CE,NSE:NTPC26AUG350CE,340.0,350.0,350.0
2026-08-11,NYKAA,2026-08-25,PE,1786421700,325.9,True,NSE:NYKAA26AUG330PE,NSE:NYKAA26AUG325PE,NSE:NYKAA26AUG325PE,330.0,325.0,325.0
2026-08-13,NYKAA,2026-08-25,PE,1786594500,328.1,True,NSE:NYKAA26AUG330PE,NSE:NYKAA26AUG325PE,NSE:NYKAA26AUG330PE,330.0,325.0,330.0
2026-08-24,OBEROIRLTY,2026-08-25,CE,1787544900,1901.0,True,NSE:OBEROIRLTY26AUG1900CE,NSE:OBEROIRLTY26AUG1920CE,NSE:OBEROIRLTY26AUG1900CE,1900.0,1920.0,1900.0
2026-08-24,OFSS,2026-08-25,CE,1787544900,11853.0,True,NSE:OFSS26AUG11800CE,NSE:OFSS26AUG12000CE,NSE:OFSS26AUG11800CE,11800.0,12000.0,11800.0
2026-08-12,ONGC,2026-08-25,PE,1786508100,239.79,True,NSE:ONGC26AUG240PE,NSE:ONGC26AUG235PE,NSE:ONGC26AUG240PE,240.0,235.0,240.0
2026-08-17,ONGC,2026-08-25,PE,1786940100,238.0,True,NSE:ONGC26AUG240PE,NSE:ONGC26AUG235PE,NSE:ONGC26AUG240PE,240.0,235.0,240.0
2026-08-05,PERSISTENT,2026-08-25,CE,1785903300,5551.5,True,NSE:PERSISTENT26AUG5500CE,NSE:PERSISTENT26AUG5600CE,NSE:PERSISTENT26AUG5600CE,5500.0,5600.0,5600.0
2026-08-06,PERSISTENT,2026-08-25,CE,1785989700,5521.0,True,NSE:PERSISTENT26AUG5500CE,NSE:PERSISTENT26AUG5600CE,NSE:PERSISTENT26AUG5500CE,5500.0,5600.0,5500.0
2026-08-07,PERSISTENT,2026-08-25,CE,1786076100,5577.0,True,NSE:PERSISTENT26AUG5500CE,NSE:PERSISTENT26AUG5600CE,NSE:PERSISTENT26AUG5600CE,5500.0,5600.0,5600.0
2026-08-10,PERSISTENT,2026-08-25,CE,1786335300,5501.5,True,NSE:PERSISTENT26AUG5500CE,NSE:PERSISTENT26AUG5600CE,NSE:PERSISTENT26AUG5500CE,5500.0,5600.0,5500.0
2026-08-11,PERSISTENT,2026-08-25,CE,1786421700,5511.0,True,NSE:PERSISTENT26AUG5500CE,NSE:PERSISTENT26AUG5600CE,NSE:PERSISTENT26AUG5500CE,5500.0,5600.0,5500.0
2026-08-17,PERSISTENT,2026-08-25,CE,1786940100,5557.5,True,NSE:PERSISTENT26AUG5500CE,NSE:PERSISTENT26AUG5600CE,NSE:PERSISTENT26AUG5600CE,5500.0,5600.0,5600.0
2026-08-18,PERSISTENT,2026-08-25,CE,1787026500,5545.5,True,NSE:PERSISTENT26AUG5500CE,NSE:PERSISTENT26AUG5600CE,NSE:PERSISTENT26AUG5500CE,5500.0,5600.0,5500.0
2026-08-19,PERSISTENT,2026-08-25,CE,1787112900,5519.5,True,NSE:PERSISTENT26AUG5500CE,NSE:PERSISTENT26AUG5600CE,NSE:PERSISTENT26AUG5500CE,5500.0,5600.0,5500.0
2026-08-10,PETRONET,2026-08-25,PE,1786335300,276.65,True,NSE:PETRONET26AUG280PE,NSE:PETRONET26AUG275PE,NSE:PETRONET26AUG275PE,280.0,275.0,275.0
2026-08-11,PETRONET,2026-08-25,PE,1786421700,275.75,True,NSE:PETRONET26AUG280PE,NSE:PETRONET26AUG275PE,NSE:PETRONET26AUG275PE,280.0,275.0,275.0
2026-08-12,PETRONET,2026-08-25,CE,1786508100,280.2,True,NSE:PETRONET26AUG280CE,NSE:PETRONET26AUG285CE,NSE:PETRONET26AUG280CE,280.0,285.0,280.0
2026-08-24,PETRONET,2026-08-25,CE,1787544900,295.1,True,NSE:PETRONET26AUG295CE,NSE:PETRONET26AUG300CE,NSE:PETRONET26AUG295CE,295.0,300.0,295.0
2026-08-11,PFC,2026-08-25,CE,1786421700,382.3,True,NSE:PFC26AUG380CE,NSE:PFC26AUG385CE,NSE:PFC26AUG380CE,380.0,385.0,380.0
2026-08-04,PHOENIXLTD,2026-08-25,CE,1785816900,1938.0,True,NSE:PHOENIXLTD26AUG1900CE,NSE:PHOENIXLTD26AUG1940CE,NSE:PHOENIXLTD26AUG1940CE,1900.0,1940.0,1940.0
2026-08-13,PIDILITIND,2026-08-25,PE,1786594500,1690.4,True,NSE:PIDILITIND26AUG1700PE,NSE:PIDILITIND26AUG1660PE,NSE:PIDILITIND26AUG1700PE,1700.0,1660.0,1700.0
2026-08-18,PNB,2026-08-25,CE,1787026500,116.91,True,NSE:PNB26AUG115CE,NSE:PNB26AUG118CE,NSE:PNB26AUG118CE,115.0,118.0,118.0
2026-08-19,PNB,2026-08-25,CE,1787112900,116.69,True,NSE:PNB26AUG115CE,NSE:PNB26AUG118CE,NSE:PNB26AUG118CE,115.0,118.0,118.0
2026-08-24,PNB,2026-08-25,CE,1787544900,116.16,True,NSE:PNB26AUG116CE,NSE:PNB26AUG118CE,NSE:PNB26AUG116CE,116.0,118.0,116.0
2026-08-05,PNBHOUSING,2026-08-25,PE,1785903300,1132.4,True,NSE:PNBHOUSING26AUG1140PE,NSE:PNBHOUSING26AUG1120PE,NSE:PNBHOUSING26AUG1140PE,1140.0,1120.0,1140.0
2026-08-11,PNBHOUSING,2026-08-25,PE,1786421700,1139.1,True,NSE:PNBHOUSING26AUG1140PE,NSE:PNBHOUSING26AUG1120PE,NSE:PNBHOUSING26AUG1140PE,1140.0,1120.0,1140.0
2026-08-05,POLYCAB,2026-08-25,CE,1785903300,9282.0,True,NSE:POLYCAB26AUG9200CE,NSE:POLYCAB26AUG9300CE,NSE:POLYCAB26AUG9300CE,9200.0,9300.0,9300.0
2026-08-07,POLYCAB,2026-08-25,CE,1786076100,9279.5,True,NSE:POLYCAB26AUG9200CE,NSE:POLYCAB26AUG9300CE,NSE:POLYCAB26AUG9300CE,9200.0,9300.0,9300.0
2026-08-10,POLYCAB,2026-08-25,CE,1786335300,9250.5,True,NSE:POLYCAB26AUG9200CE,NSE:POLYCAB26AUG9300CE,NSE:POLYCAB26AUG9300CE,9200.0,9300.0,9300.0
2026-08-12,POLYCAB,2026-08-25,CE,1786508100,9208.0,True,NSE:POLYCAB26AUG9200CE,NSE:POLYCAB26AUG9300CE,NSE:POLYCAB26AUG9200CE,9200.0,9300.0,9200.0
2026-08-14,POLYCAB,2026-08-25,CE,1786680900,9256.5,True,NSE:POLYCAB26AUG9200CE,NSE:POLYCAB26AUG9300CE,NSE:POLYCAB26AUG9300CE,9200.0,9300.0,9300.0
2026-08-18,POLYCAB,2026-08-25,CE,1787026500,9249.0,True,NSE:POLYCAB26AUG9200CE,NSE:POLYCAB26AUG9400CE,NSE:POLYCAB26AUG9200CE,9200.0,9400.0,9200.0
2026-08-10,POWERGRID,2026-08-25,PE,1786335300,269.0,True,NSE:POWERGRID26AUG270PE,NSE:POWERGRID26AUG265PE,NSE:POWERGRID26AUG270PE,270.0,265.0,270.0
2026-08-11,POWERGRID,2026-08-25,CE,1786421700,268.45,True,NSE:POWERGRID26AUG267.5CE,NSE:POWERGRID26AUG270CE,NSE:POWERGRID26AUG267.5CE,267.5,270.0,267.5
2026-08-11,POWERGRID,2026-08-25,PE,1786421700,268.45,True,NSE:POWERGRID26AUG270PE,NSE:POWERGRID26AUG265PE,NSE:POWERGRID26AUG270PE,270.0,265.0,270.0
2026-08-13,POWERGRID,2026-08-25,PE,1786594500,267.15,True,NSE:POWERGRID26AUG270PE,NSE:POWERGRID26AUG265PE,NSE:POWERGRID26AUG265PE,270.0,265.0,265.0
2026-08-10,POWERINDIA,2026-08-25,PE,1786335300,35040.0,True,NSE:POWERINDIA26AUG35500PE,NSE:POWERINDIA26AUG35000PE,NSE:POWERINDIA26AUG35000PE,35500.0,35000.0,35000.0
2026-08-11,POWERINDIA,2026-08-25,PE,1786421700,35245.0,True,NSE:POWERINDIA26AUG35500PE,NSE:POWERINDIA26AUG35000PE,NSE:POWERINDIA26AUG35000PE,35500.0,35000.0,35000.0
2026-08-12,POWERINDIA,2026-08-25,PE,1786508100,35230.0,True,NSE:POWERINDIA26AUG35500PE,NSE:POWERINDIA26AUG35000PE,NSE:POWERINDIA26AUG35000PE,35500.0,35000.0,35000.0
2026-08-14,POWERINDIA,2026-08-25,CE,1786680900,35645.0,True,NSE:POWERINDIA26AUG35000CE,NSE:POWERINDIA26AUG36000CE,NSE:POWERINDIA26AUG36000CE,35000.0,36000.0,36000.0
2026-08-17,POWERINDIA,2026-08-25,CE,1786940100,35670.0,True,NSE:POWERINDIA26AUG35000CE,NSE:POWERINDIA26AUG36000CE,NSE:POWERINDIA26AUG36000CE,35000.0,36000.0,36000.0
2026-08-18,POWERINDIA,2026-08-25,CE,1787026500,35375.0,True,NSE:POWERINDIA26AUG35000CE,NSE:POWERINDIA26AUG36000CE,NSE:POWERINDIA26AUG35000CE,35000.0,36000.0,35000.0
2026-08-04,PREMIERENE,2026-08-25,CE,1785816900,1046.5,True,NSE:PREMIERENE26AUG1040CE,NSE:PREMIERENE26AUG1060CE,NSE:PREMIERENE26AUG1040CE,1040.0,1060.0,1040.0
2026-08-10,PREMIERENE,2026-08-25,CE,1786335300,1041.0,True,NSE:PREMIERENE26AUG1040CE,NSE:PREMIERENE26AUG1060CE,NSE:PREMIERENE26AUG1040CE,1040.0,1060.0,1040.0
2026-08-11,PRESTIGE,2026-08-25,CE,1786421700,1620.5,True,NSE:PRESTIGE26AUG1600CE,NSE:PRESTIGE26AUG1640CE,NSE:PRESTIGE26AUG1640CE,1600.0,1640.0,1640.0
2026-08-24,RBLBANK,2026-08-25,CE,1787544900,392.2,True,NSE:RBLBANK26AUG390CE,NSE:RBLBANK26AUG395CE,NSE:RBLBANK26AUG390CE,390.0,395.0,390.0
2026-08-11,RECLTD,2026-08-25,CE,1786421700,341.5,True,NSE:RECLTD26AUG340CE,NSE:RECLTD26AUG345CE,NSE:RECLTD26AUG340CE,340.0,345.0,340.0
2026-08-12,RECLTD,2026-08-25,PE,1786508100,339.9,True,NSE:RECLTD26AUG340PE,NSE:RECLTD26AUG335PE,NSE:RECLTD26AUG340PE,340.0,335.0,340.0
2026-08-13,RECLTD,2026-08-25,CE,1786594500,343.4,True,NSE:RECLTD26AUG340CE,NSE:RECLTD26AUG345CE,NSE:RECLTD26AUG345CE,340.0,345.0,345.0
2026-08-03,RELIANCE,2026-08-25,PE,1785730500,1312.8,True,NSE:RELIANCE26AUG1320PE,NSE:RELIANCE26AUG1300PE,NSE:RELIANCE26AUG1320PE,1320.0,1300.0,1320.0
2026-08-06,RELIANCE,2026-08-25,PE,1785989700,1300.9,True,NSE:RELIANCE26AUG1320PE,NSE:RELIANCE26AUG1300PE,NSE:RELIANCE26AUG1300PE,1320.0,1300.0,1300.0
2026-08-07,RELIANCE,2026-08-25,CE,1786076100,1320.3,True,NSE:RELIANCE26AUG1320CE,NSE:RELIANCE26AUG1330CE,NSE:RELIANCE26AUG1320CE,1320.0,1330.0,1320.0
2026-08-11,RELIANCE,2026-08-25,PE,1786421700,1317.9,True,NSE:RELIANCE26AUG1320PE,NSE:RELIANCE26AUG1300PE,NSE:RELIANCE26AUG1320PE,1320.0,1300.0,1320.0
2026-08-12,RELIANCE,2026-08-25,PE,1786508100,1317.2,True,NSE:RELIANCE26AUG1320PE,NSE:RELIANCE26AUG1300PE,NSE:RELIANCE26AUG1320PE,1320.0,1300.0,1320.0
2026-08-13,RELIANCE,2026-08-25,PE,1786594500,1312.6,True,NSE:RELIANCE26AUG1320PE,NSE:RELIANCE26AUG1300PE,NSE:RELIANCE26AUG1320PE,1320.0,1300.0,1320.0
2026-08-17,RELIANCE,2026-08-25,PE,1786940100,1304.5,True,NSE:RELIANCE26AUG1320PE,NSE:RELIANCE26AUG1300PE,NSE:RELIANCE26AUG1300PE,1320.0,1300.0,1300.0
2026-08-19,RELIANCE,2026-08-25,PE,1787112900,1316.9,True,NSE:RELIANCE26AUG1320PE,NSE:RELIANCE26AUG1310PE,NSE:RELIANCE26AUG1320PE,1320.0,1310.0,1320.0
2026-08-24,SIEMENS,2026-08-25,CE,1787544900,4027.7,True,NSE:SIEMENS26AUG4000CE,NSE:SIEMENS26AUG4100CE,NSE:SIEMENS26AUG4000CE,4000.0,4100.0,4000.0
2026-08-05,SONACOMS,2026-08-25,PE,1785903300,795.2,True,NSE:SONACOMS26AUG800PE,NSE:SONACOMS26AUG790PE,NSE:SONACOMS26AUG800PE,800.0,790.0,800.0
2026-08-11,SONACOMS,2026-08-25,CE,1786421700,813.4,True,NSE:SONACOMS26AUG800CE,NSE:SONACOMS26AUG820CE,NSE:SONACOMS26AUG820CE,800.0,820.0,820.0
2026-08-13,SONACOMS,2026-08-25,CE,1786594500,806.0,True,NSE:SONACOMS26AUG800CE,NSE:SONACOMS26AUG820CE,NSE:SONACOMS26AUG800CE,800.0,820.0,800.0
2026-08-03,SRF,2026-08-25,CE,1785730500,2644.0,True,NSE:SRF26AUG2600CE,NSE:SRF26AUG2650CE,NSE:SRF26AUG2650CE,2600.0,2650.0,2650.0
2026-08-05,SRF,2026-08-25,CE,1785903300,2627.0,True,NSE:SRF26AUG2600CE,NSE:SRF26AUG2650CE,NSE:SRF26AUG2650CE,2600.0,2650.0,2650.0
2026-08-06,SRF,2026-08-25,CE,1785989700,2643.5,True,NSE:SRF26AUG2600CE,NSE:SRF26AUG2650CE,NSE:SRF26AUG2650CE,2600.0,2650.0,2650.0
2026-08-11,SRF,2026-08-25,PE,1786421700,2568.0,True,NSE:SRF26AUG2600PE,NSE:SRF26AUG2550PE,NSE:SRF26AUG2550PE,2600.0,2550.0,2550.0
2026-08-13,SRF,2026-08-25,PE,1786594500,2560.7,True,NSE:SRF26AUG2600PE,NSE:SRF26AUG2550PE,NSE:SRF26AUG2550PE,2600.0,2550.0,2550.0
2026-08-03,SUNPHARMA,2026-08-25,CE,1785730500,1948.6,True,NSE:SUNPHARMA26AUG1940CE,NSE:SUNPHARMA26AUG1960CE,NSE:SUNPHARMA26AUG1940CE,1940.0,1960.0,1940.0
2026-08-04,SUNPHARMA,2026-08-25,CE,1785816900,1952.6,True,NSE:SUNPHARMA26AUG1940CE,NSE:SUNPHARMA26AUG1960CE,NSE:SUNPHARMA26AUG1960CE,1940.0,1960.0,1960.0
2026-08-05,SUNPHARMA,2026-08-25,PE,1785903300,1939.6,True,NSE:SUNPHARMA26AUG1940PE,NSE:SUNPHARMA26AUG1920PE,NSE:SUNPHARMA26AUG1940PE,1940.0,1920.0,1940.0
2026-08-06,SUNPHARMA,2026-08-25,CE,1785989700,1951.5,True,NSE:SUNPHARMA26AUG1940CE,NSE:SUNPHARMA26AUG1960CE,NSE:SUNPHARMA26AUG1960CE,1940.0,1960.0,1960.0
2026-08-10,SUNPHARMA,2026-08-25,CE,1786335300,1950.7,True,NSE:SUNPHARMA26AUG1940CE,NSE:SUNPHARMA26AUG1960CE,NSE:SUNPHARMA26AUG1960CE,1940.0,1960.0,1960.0
2026-08-11,SUNPHARMA,2026-08-25,CE,1786421700,1941.7,True,NSE:SUNPHARMA26AUG1940CE,NSE:SUNPHARMA26AUG1960CE,NSE:SUNPHARMA26AUG1940CE,1940.0,1960.0,1940.0
2026-08-14,SUNPHARMA,2026-08-25,PE,1786680900,1927.0,True,NSE:SUNPHARMA26AUG1940PE,NSE:SUNPHARMA26AUG1920PE,NSE:SUNPHARMA26AUG1920PE,1940.0,1920.0,1920.0
2026-08-04,SUPREMEIND,2026-08-25,CE,1785816900,3548.0,True,NSE:SUPREMEIND26AUG3500CE,NSE:SUPREMEIND26AUG3600CE,NSE:SUPREMEIND26AUG3500CE,3500.0,3600.0,3500.0
2026-08-11,SWIGGY,2026-08-25,PE,1786421700,274.2,True,NSE:SWIGGY26AUG275PE,NSE:SWIGGY26AUG270PE,NSE:SWIGGY26AUG275PE,275.0,270.0,275.0
2026-08-07,TATAELXSI,2026-08-25,PE,1786076100,3785.0,True,NSE:TATAELXSI26AUG3800PE,NSE:TATAELXSI26AUG3750PE,NSE:TATAELXSI26AUG3800PE,3800.0,3750.0,3800.0
2026-08-07,TATASTEEL,2026-08-25,CE,1786076100,188.75,True,NSE:TATASTEEL26AUG185CE,NSE:TATASTEEL26AUG190CE,NSE:TATASTEEL26AUG190CE,185.0,190.0,190.0
2026-08-12,TATASTEEL,2026-08-25,CE,1786508100,188.05,True,NSE:TATASTEEL26AUG185CE,NSE:TATASTEEL26AUG190CE,NSE:TATASTEEL26AUG190CE,185.0,190.0,190.0
2026-08-24,TATASTEEL,2026-08-25,PE,1787544900,183.83,True,NSE:TATASTEEL26AUG185PE,NSE:TATASTEEL26AUG182.5PE,NSE:TATASTEEL26AUG185PE,185.0,182.5,185.0
2026-08-03,TCS,2026-08-25,PE,1785730500,2395.4,True,NSE:TCS26AUG2440PE,NSE:TCS26AUG2360PE,NSE:TCS26AUG2360PE,2440.0,2360.0,2360.0
2026-08-04,TCS,2026-08-25,CE,1785816900,2443.1,True,NSE:TCS26AUG2400CE,NSE:TCS26AUG2460CE,NSE:TCS26AUG2460CE,2400.0,2460.0,2460.0
2026-08-05,TCS,2026-08-25,CE,1785903300,2443.5,True,NSE:TCS26AUG2400CE,NSE:TCS26AUG2460CE,NSE:TCS26AUG2460CE,2400.0,2460.0,2460.0
2026-08-06,TCS,2026-08-25,PE,1785989700,2408.0,True,NSE:TCS26AUG2440PE,NSE:TCS26AUG2360PE,NSE:TCS26AUG2440PE,2440.0,2360.0,2440.0
2026-08-07,TCS,2026-08-25,CE,1786076100,2438.2,True,NSE:TCS26AUG2400CE,NSE:TCS26AUG2460CE,NSE:TCS26AUG2460CE,2400.0,2460.0,2460.0
2026-08-12,TCS,2026-08-25,CE,1786508100,2436.0,True,NSE:TCS26AUG2400CE,NSE:TCS26AUG2460CE,NSE:TCS26AUG2460CE,2400.0,2460.0,2460.0
2026-08-24,TCS,2026-08-25,CE,1787544900,2317.0,True,NSE:TCS26AUG2300CE,NSE:TCS26AUG2320CE,NSE:TCS26AUG2320CE,2300.0,2320.0,2320.0
2026-08-04,TECHM,2026-08-25,CE,1785816900,1648.4,True,NSE:TECHM26AUG1640CE,NSE:TECHM26AUG1660CE,NSE:TECHM26AUG1640CE,1640.0,1660.0,1640.0
2026-08-06,TECHM,2026-08-25,CE,1785989700,1657.9,True,NSE:TECHM26AUG1640CE,NSE:TECHM26AUG1660CE,NSE:TECHM26AUG1660CE,1640.0,1660.0,1660.0
2026-08-10,TECHM,2026-08-25,CE,1786335300,1659.0,True,NSE:TECHM26AUG1640CE,NSE:TECHM26AUG1660CE,NSE:TECHM26AUG1660CE,1640.0,1660.0,1660.0
2026-08-12,TECHM,2026-08-25,CE,1786508100,1655.1,True,NSE:TECHM26AUG1640CE,NSE:TECHM26AUG1660CE,NSE:TECHM26AUG1660CE,1640.0,1660.0,1660.0
2026-08-13,TECHM,2026-08-25,CE,1786594500,1643.9,True,NSE:TECHM26AUG1640CE,NSE:TECHM26AUG1660CE,NSE:TECHM26AUG1640CE,1640.0,1660.0,1640.0
2026-08-10,TITAN,2026-08-25,PE,1786335300,5003.6,True,NSE:TITAN26AUG5100PE,NSE:TITAN26AUG5000PE,NSE:TITAN26AUG5000PE,5100.0,5000.0,5000.0
2026-08-12,TITAN,2026-08-25,PE,1786508100,5089.8,True,NSE:TITAN26AUG5100PE,NSE:TITAN26AUG5000PE,NSE:TITAN26AUG5100PE,5100.0,5000.0,5100.0
2026-08-13,TITAN,2026-08-25,PE,1786594500,5040.5,True,NSE:TITAN26AUG5100PE,NSE:TITAN26AUG5000PE,NSE:TITAN26AUG5000PE,5100.0,5000.0,5000.0
2026-08-11,TORNTPHARM,2026-08-25,PE,1786421700,4867.0,True,NSE:TORNTPHARM26AUG4900PE,NSE:TORNTPHARM26AUG4800PE,NSE:TORNTPHARM26AUG4900PE,4900.0,4800.0,4900.0
2026-08-13,TORNTPHARM,2026-08-25,PE,1786594500,4857.5,True,NSE:TORNTPHARM26AUG4900PE,NSE:TORNTPHARM26AUG4800PE,NSE:TORNTPHARM26AUG4900PE,4900.0,4800.0,4900.0
2026-08-24,TRENT,2026-08-25,PE,1787544900,2925.4,True,NSE:TRENT26AUG2950PE,NSE:TRENT26AUG2900PE,NSE:TRENT26AUG2950PE,2950.0,2900.0,2950.0
2026-08-04,TVSMOTOR,2026-08-25,CE,1785816900,4369.6,True,NSE:TVSMOTOR26AUG4350CE,NSE:TVSMOTOR26AUG4400CE,NSE:TVSMOTOR26AUG4350CE,4350.0,4400.0,4350.0
2026-08-04,TVSMOTOR,2026-08-25,PE,1785816900,4369.6,True,NSE:TVSMOTOR26AUG4400PE,NSE:TVSMOTOR26AUG4300PE,NSE:TVSMOTOR26AUG4400PE,4400.0,4300.0,4400.0
2026-08-13,TVSMOTOR,2026-08-25,PE,1786594500,4341.5,True,NSE:TVSMOTOR26AUG4400PE,NSE:TVSMOTOR26AUG4300PE,NSE:TVSMOTOR26AUG4300PE,4400.0,4300.0,4300.0
2026-08-14,TVSMOTOR,2026-08-25,PE,1786680900,4315.8,True,NSE:TVSMOTOR26AUG4400PE,NSE:TVSMOTOR26AUG4300PE,NSE:TVSMOTOR26AUG4300PE,4400.0,4300.0,4300.0
2026-08-18,TVSMOTOR,2026-08-25,PE,1787026500,4379.0,True,NSE:TVSMOTOR26AUG4400PE,NSE:TVSMOTOR26AUG4300PE,NSE:TVSMOTOR26AUG4400PE,4400.0,4300.0,4400.0
2026-08-19,TVSMOTOR,2026-08-25,PE,1787112900,4367.9,True,NSE:TVSMOTOR26AUG4400PE,NSE:TVSMOTOR26AUG4300PE,NSE:TVSMOTOR26AUG4400PE,4400.0,4300.0,4400.0
2026-08-13,ULTRACEMCO,2026-08-25,CE,1786594500,11635.0,True,NSE:ULTRACEMCO26AUG11600CE,NSE:ULTRACEMCO26AUG11800CE,NSE:ULTRACEMCO26AUG11600CE,11600.0,11800.0,11600.0
2026-08-13,ULTRACEMCO,2026-08-25,PE,1786594500,11635.0,True,NSE:ULTRACEMCO26AUG11760PE,NSE:ULTRACEMCO26AUG11600PE,NSE:ULTRACEMCO26AUG11600PE,11760.0,11600.0,11600.0
2026-08-12,UNIONBANK,2026-08-25,CE,1786508100,187.01,True,NSE:UNIONBANK26AUG185CE,NSE:UNIONBANK26AUG190CE,NSE:UNIONBANK26AUG185CE,185.0,190.0,185.0
2026-08-13,UNIONBANK,2026-08-25,CE,1786594500,186.57,True,NSE:UNIONBANK26AUG185CE,NSE:UNIONBANK26AUG190CE,NSE:UNIONBANK26AUG185CE,185.0,190.0,185.0
2026-08-18,UNIONBANK,2026-08-25,CE,1787026500,187.19,True,NSE:UNIONBANK26AUG185CE,NSE:UNIONBANK26AUG190CE,NSE:UNIONBANK26AUG185CE,185.0,190.0,185.0
2026-08-19,UNIONBANK,2026-08-25,CE,1787112900,186.73,True,NSE:UNIONBANK26AUG185CE,NSE:UNIONBANK26AUG190CE,NSE:UNIONBANK26AUG185CE,185.0,190.0,185.0
2026-08-20,UNIONBANK,2026-08-25,CE,1787199300,187.61,True,NSE:UNIONBANK26AUG185CE,NSE:UNIONBANK26AUG190CE,NSE:UNIONBANK26AUG190CE,185.0,190.0,190.0
2026-08-11,UNITDSPR,2026-08-25,PE,1786421700,1518.3,True,NSE:UNITDSPR26AUG1520PE,NSE:UNITDSPR26AUG1500PE,NSE:UNITDSPR26AUG1520PE,1520.0,1500.0,1520.0
2026-08-06,UNOMINDA,2026-08-25,CE,1785989700,1255.0,True,NSE:UNOMINDA26AUG1240CE,NSE:UNOMINDA26AUG1280CE,NSE:UNOMINDA26AUG1240CE,1240.0,1280.0,1240.0
2026-08-04,VBL,2026-08-25,CE,1785816900,445.65,True,NSE:VBL26AUG440CE,NSE:VBL26AUG450CE,NSE:VBL26AUG450CE,440.0,450.0,450.0
2026-08-05,VBL,2026-08-25,CE,1785903300,444.0,True,NSE:VBL26AUG440CE,NSE:VBL26AUG450CE,NSE:VBL26AUG440CE,440.0,450.0,440.0
2026-08-10,VBL,2026-08-25,CE,1786335300,442.4,True,NSE:VBL26AUG440CE,NSE:VBL26AUG450CE,NSE:VBL26AUG440CE,440.0,450.0,440.0
2026-08-11,VBL,2026-08-25,CE,1786421700,446.35,True,NSE:VBL26AUG440CE,NSE:VBL26AUG450CE,NSE:VBL26AUG450CE,440.0,450.0,450.0
2026-08-13,VBL,2026-08-25,PE,1786594500,437.55,True,NSE:VBL26AUG440PE,NSE:VBL26AUG430PE,NSE:VBL26AUG440PE,440.0,430.0,440.0
2026-08-24,VBL,2026-08-25,PE,1787544900,425.55,True,NSE:VBL26AUG430PE,NSE:VBL26AUG420PE,NSE:VBL26AUG430PE,430.0,420.0,430.0
2026-08-06,VOLTAS,2026-08-25,PE,1785989700,1298.6,True,NSE:VOLTAS26AUG1300PE,NSE:VOLTAS26AUG1280PE,NSE:VOLTAS26AUG1300PE,1300.0,1280.0,1300.0
2026-08-13,VOLTAS,2026-08-25,PE,1786594500,1286.9,True,NSE:VOLTAS26AUG1300PE,NSE:VOLTAS26AUG1280PE,NSE:VOLTAS26AUG1280PE,1300.0,1280.0,1280.0
2026-08-03,WAAREEENER,2026-08-25,PE,1785730500,2690.0,True,NSE:WAAREEENER26AUG2700PE,NSE:WAAREEENER26AUG2650PE,NSE:WAAREEENER26AUG2700PE,2700.0,2650.0,2700.0
2026-08-04,WAAREEENER,2026-08-25,PE,1785816900,2689.7,True,NSE:WAAREEENER26AUG2700PE,NSE:WAAREEENER26AUG2650PE,NSE:WAAREEENER26AUG2700PE,2700.0,2650.0,2700.0
2026-08-05,WAAREEENER,2026-08-25,PE,1785903300,2692.0,True,NSE:WAAREEENER26AUG2700PE,NSE:WAAREEENER26AUG2650PE,NSE:WAAREEENER26AUG2700PE,2700.0,2650.0,2700.0
2026-08-06,WAAREEENER,2026-08-25,PE,1785989700,2674.8,True,NSE:WAAREEENER26AUG2700PE,NSE:WAAREEENER26AUG2650PE,NSE:WAAREEENER26AUG2650PE,2700.0,2650.0,2650.0
2026-08-10,WAAREEENER,2026-08-25,PE,1786335300,2694.3,True,NSE:WAAREEENER26AUG2700PE,NSE:WAAREEENER26AUG2650PE,NSE:WAAREEENER26AUG2700PE,2700.0,2650.0,2700.0
2026-08-11,WAAREEENER,2026-08-25,PE,1786421700,2688.0,True,NSE:WAAREEENER26AUG2700PE,NSE:WAAREEENER26AUG2650PE,NSE:WAAREEENER26AUG2700PE,2700.0,2650.0,2700.0
2026-08-12,WAAREEENER,2026-08-25,PE,1786508100,2690.8,True,NSE:WAAREEENER26AUG2700PE,NSE:WAAREEENER26AUG2650PE,NSE:WAAREEENER26AUG2700PE,2700.0,2650.0,2700.0
2026-08-14,WAAREEENER,2026-08-25,PE,1786680900,2665.3,True,NSE:WAAREEENER26AUG2700PE,NSE:WAAREEENER26AUG2650PE,NSE:WAAREEENER26AUG2650PE,2700.0,2650.0,2650.0
2026-08-24,WAAREEENER,2026-08-25,PE,1787544900,2691.5,True,NSE:WAAREEENER26AUG2700PE,NSE:WAAREEENER26AUG2650PE,NSE:WAAREEENER26AUG2700PE,2700.0,2650.0,2700.0
2026-08-12,ZYDUSLIFE,2026-08-25,PE,1786508100,1161.5,True,NSE:ZYDUSLIFE26AUG1170PE,NSE:ZYDUSLIFE26AUG1150PE,NSE:ZYDUSLIFE26AUG1170PE,1170.0,1150.0,1170.0
