quality,timeframe,lane,horizon,split,model,candidates,n,days,symbols,gross_pct,net_05_pct,net_1_pct,net_2_pct,win_1_pct,equal_day_net_1_pct,daily_net_ci_low,daily_net_ci_high,positive_dates,largest_positive_symbol_share_pct,worst_leave_one_symbol_out_net_1_pct
complete,5,CE,30,train,price_baseline,28,23,6.0,13.0,3.4961246298279915,2.9961246298279907,2.4961246298279907,1.4961246298279907,52.17391304347826,1.9653598628952078,-2.158678242351282,6.078908960093524,4.0,39.90339737793518,0.9826551661752323
complete,5,CE,30,train,ratios_only,0,0,,,,,,,,,,,,,
complete,5,CE,30,train,price_plus_ratios,28,23,6.0,13.0,3.4961246298279915,2.9961246298279907,2.4961246298279907,1.4961246298279907,52.17391304347826,1.9653598628952078,-2.158678242351282,6.078908960093524,4.0,39.90339737793518,0.9826551661752323
complete,5,CE,30,train,ratio_compression,92,75,9.0,36.0,-0.04815469270520533,-0.5481546927052053,-1.0481546927052052,-2.0481546927052054,36.0,-1.1970019336847881,-2.2524632841004064,-0.14168458507108042,1.0,15.78154843648758,-1.2389350915125072
complete,5,CE,30,train,spot_momentum,93,82,9.0,38.0,-0.42693128391535556,-0.9269312839153555,-1.4269312839153558,-2.4269312839153554,32.926829268292686,-1.3926790542126086,-3.0837925247319653,0.5320332538153884,2.0,28.7552944316382,-1.810021328355375
complete,5,CE,30,train,spot_reversal,99,81,9.0,37.0,0.42699406403062445,-0.07300593596937552,-0.5730059359693757,-1.5730059359693755,46.913580246913575,-0.2964479396913023,-1.5476708094007503,1.4749398224009913,3.0,38.849164442807414,-1.0750012439570025
complete,5,CE,30,train,train_majority,0,0,,,,,,,,,,,,,
complete,5,CE,30,validation,price_baseline,2,1,1.0,1.0,26.506024096385534,26.006024096385534,25.506024096385534,24.506024096385534,100.0,25.506024096385534,,,1.0,100.0,
complete,5,CE,30,validation,ratios_only,0,0,,,,,,,,,,,,,
complete,5,CE,30,validation,price_plus_ratios,2,1,1.0,1.0,26.506024096385534,26.006024096385534,25.506024096385534,24.506024096385534,100.0,25.506024096385534,,,1.0,100.0,
complete,5,CE,30,validation,ratio_compression,10,7,3.0,6.0,0.76291677852701,0.26291677852701006,-0.23708322147299007,-1.2370832214729899,42.857142857142854,-0.6944891153088072,-3.4138018041958174,3.625744202003562,1.0,83.89333228651718,-3.183897764148842
complete,5,CE,30,validation,spot_momentum,9,7,3.0,4.0,4.672094088173388,4.172094088173389,3.6720940881733886,2.6720940881733886,42.857142857142854,3.709946268767195,-2.057617192260296,9.345027097716363,2.0,51.03392252540089,2.1322829613442464
complete,5,CE,30,validation,spot_reversal,10,8,3.0,4.0,4.774951642310374,4.274951642310374,3.7749516423103744,2.7749516423103744,62.5,5.299095988689678,0.6528616098056297,10.91222570532917,3.0,66.5221935366483,0.8525923933360886
complete,5,CE,30,validation,train_majority,0,0,,,,,,,,,,,,,
complete,5,CE,30,test,price_baseline,6,5,2.0,2.0,-14.63112622715403,-15.13112622715403,-15.63112622715403,-16.63112622715403,20.0,-12.793870060660398,-26.980150893128553,1.392410771807757,1.0,100.0,-26.980150893128553
complete,5,CE,30,test,ratios_only,0,0,,,,,,,,,,,,,
complete,5,CE,30,test,price_plus_ratios,6,5,2.0,2.0,-14.63112622715403,-15.13112622715403,-15.63112622715403,-16.63112622715403,20.0,-12.793870060660398,-26.980150893128553,1.392410771807757,1.0,100.0,-26.980150893128553
complete,5,CE,30,test,ratio_compression,26,25,3.0,12.0,-5.403896094120787,-5.903896094120787,-6.403896094120787,-7.403896094120787,20.0,-9.657288050728843,-20.77491961414791,-1.1728188202758525,0.0,75.91557106359743,-9.760596060493754
complete,5,CE,30,test,spot_momentum,28,27,3.0,13.0,-0.25095370746257606,-0.7509537074625761,-1.2509537074625763,-2.250953707462576,40.74074074074074,-7.026849226536886,-20.77491961414791,0.4114150695389995,1.0,52.94039312278298,-5.4593066346955945
complete,5,CE,30,test,spot_reversal,15,14,2.0,9.0,-4.208669773030777,-4.708669773030777,-5.208669773030777,-6.208669773030777,35.714285714285715,-2.6746468979188043,-8.587366939846742,3.238073144009133,1.0,42.42440044669213,-6.591533644769904
complete,5,CE,30,test,train_majority,0,0,,,,,,,,,,,,,
complete,5,CE,60,train,price_baseline,0,0,,,,,,,,,,,,,
complete,5,CE,60,train,ratios_only,0,0,,,,,,,,,,,,,
complete,5,CE,60,train,price_plus_ratios,0,0,,,,,,,,,,,,,
complete,5,CE,60,train,ratio_compression,49,35,9.0,24.0,-1.4062740617517708,-1.9062740617517704,-2.4062740617517706,-3.4062740617517706,45.714285714285715,-2.485280032653999,-5.162362637057511,-0.20482398718936518,3.0,27.52924857398576,-2.8576135420060735
complete,5,CE,60,train,spot_momentum,58,48,9.0,28.0,-1.4732432911964386,-1.9732432911964384,-2.4732432911964386,-3.473243291196438,33.33333333333333,-2.4285223668246214,-4.829623610245638,-0.12475520979612341,3.0,27.993437444082016,-3.1703638986368774
complete,5,CE,60,train,spot_reversal,56,42,8.0,27.0,-0.8621398308356831,-1.3621398308356831,-1.862139830835683,-2.862139830835683,42.857142857142854,-3.6157590083555755,-9.379160206874419,0.8953136449490031,2.0,31.023341687735023,-2.343466826064182
complete,5,CE,60,train,train_majority,0,0,,,,,,,,,,,,,
complete,5,CE,60,validation,price_baseline,0,0,,,,,,,,,,,,,
complete,5,CE,60,validation,ratios_only,0,0,,,,,,,,,,,,,
complete,5,CE,60,validation,price_plus_ratios,0,0,,,,,,,,,,,,,
complete,5,CE,60,validation,ratio_compression,5,3,2.0,2.0,-0.32954889249746283,-0.8295488924974629,-1.3295488924974628,-2.329548892497463,33.33333333333333,-1.1132330979445262,-1.7621804816033362,-0.4642857142857162,0.0,100.00000000000001,-2.1772295623451723
complete,5,CE,60,validation,spot_momentum,4,3,2.0,2.0,3.5107632478288515,3.0107632478288515,2.510763247828852,1.5107632478288517,66.66666666666666,4.72640576920497,-1.9205217949233844,11.373333333333324,1.0,100.0,-1.9205217949233844
complete,5,CE,60,validation,spot_reversal,6,4,3.0,3.0,-4.920218878559701,-5.420218878559701,-5.920218878559701,-6.920218878559701,25.0,-4.9280840979243665,-8.896623220465703,1.215657311669128,1.0,100.0,-8.298844275302644
complete,5,CE,60,validation,train_majority,0,0,,,,,,,,,,,,,
complete,5,CE,60,test,price_baseline,0,0,,,,,,,,,,,,,
complete,5,CE,60,test,ratios_only,0,0,,,,,,,,,,,,,
complete,5,CE,60,test,price_plus_ratios,0,0,,,,,,,,,,,,,
complete,5,CE,60,test,ratio_compression,13,13,2.0,9.0,-4.705597989947007,-5.205597989947007,-5.705597989947007,-6.705597989947007,30.76923076923077,-3.323916702632339,-6.138630951276945,-0.5092024539877329,0.0,56.95457262025794,-12.194294800956744
complete,5,CE,60,test,spot_momentum,13,13,2.0,11.0,-1.0062463971109208,-1.5062463971109208,-2.0062463971109206,-3.0062463971109215,30.76923076923077,3.512541754238945,-4.459041131044196,11.484124639522086,1.0,51.697197727089254,-10.744791789705443
complete,5,CE,60,test,spot_reversal,6,5,2.0,4.0,-11.513483019623662,-12.013483019623662,-12.513483019623662,-13.513483019623663,40.0,-6.45283643500348,-16.553914076037117,3.648241206030157,1.0,55.133192736965846,-16.762610954686235
complete,5,CE,60,test,train_majority,0,0,,,,,,,,,,,,,
complete,5,PE,30,train,price_baseline,19,16,7.0,8.0,2.330400609653934,1.830400609653934,1.330400609653934,0.33040060965393403,62.5,0.7634322599421625,-7.295607112081564,7.574229620475682,3.0,32.48390057114563,0.4292634751562862
complete,5,PE,30,train,ratios_only,0,0,,,,,,,,,,,,,
complete,5,PE,30,train,price_plus_ratios,19,17,6.0,9.0,1.459105523194454,0.9591055231944542,0.45910552319445425,-0.540894476805546,52.94117647058824,1.9962121404753954,-4.015199396645801,8.559211572865408,3.0,38.56033328860852,-0.4401664833008083
complete,5,PE,30,train,ratio_compression,48,33,9.0,21.0,-2.762434917081751,-3.262434917081751,-3.762434917081751,-4.762434917081751,45.45454545454545,-2.8631045140731417,-5.258865420839735,-0.6887432507975403,3.0,28.513547634642734,-4.509503217500035
complete,5,PE,30,train,spot_momentum,67,53,9.0,29.0,-3.0338294494902236,-3.533829449490225,-4.0338294494902245,-5.0338294494902245,32.075471698113205,-4.604377409767251,-7.323101396071476,-2.073720077866017,0.0,69.32071147659694,-4.47458150133915
complete,5,PE,30,train,spot_reversal,56,47,9.0,23.0,-2.9386939121362827,-3.4386939121362827,-3.9386939121362827,-4.938693912136284,44.680851063829785,-3.3634833962278616,-5.140805467944959,-1.559549355498663,1.0,28.34049274659336,-4.41015445689747
complete,5,PE,30,train,train_majority,0,0,,,,,,,,,,,,,
complete,5,PE,30,validation,price_baseline,0,0,,,,,,,,,,,,,
complete,5,PE,30,validation,ratios_only,0,0,,,,,,,,,,,,,
complete,5,PE,30,validation,price_plus_ratios,0,0,,,,,,,,,,,,,
complete,5,PE,30,validation,ratio_compression,7,5,2.0,2.0,1.4450544425871081,0.9450544425871081,0.44505444258710813,-0.5549455574128919,80.0,0.5298301496115913,0.38853730457078606,0.6711229946523964,2.0,100.0,-2.870265151515149
complete,5,PE,30,validation,spot_momentum,2,1,1.0,1.0,-4.278416347381853,-4.778416347381853,-5.278416347381853,-6.278416347381853,0.0,-5.278416347381853,,,0.0,,
complete,5,PE,30,validation,spot_reversal,3,2,2.0,2.0,-12.459236190535078,-12.959236190535078,-13.459236190535078,-14.459236190535078,50.0,-13.459236190535078,-27.589595375722553,0.6711229946523964,1.0,100.0,-27.589595375722553
complete,5,PE,30,validation,train_majority,0,0,,,,,,,,,,,,,
complete,5,PE,30,test,price_baseline,0,0,,,,,,,,,,,,,
complete,5,PE,30,test,ratios_only,0,0,,,,,,,,,,,,,
complete,5,PE,30,test,price_plus_ratios,0,0,,,,,,,,,,,,,
complete,5,PE,30,test,ratio_compression,19,15,2.0,8.0,-2.894911843586525,-3.3949118435865255,-3.8949118435865255,-4.8949118435865255,33.33333333333333,3.0804399626248693,-4.96804289069597,11.128922815945709,1.0,37.02091552784485,-5.062426432247049
complete,5,PE,30,test,spot_momentum,8,7,1.0,5.0,-4.558829193147939,-5.058829193147939,-5.558829193147939,-6.558829193147939,28.57142857142857,-5.558829193147939,,,0.0,89.55801858508838,-13.851173276207897
complete,5,PE,30,test,spot_reversal,4,4,1.0,3.0,11.88042783670764,11.38042783670764,10.88042783670764,9.88042783670764,50.0,10.880427836707637,,,1.0,100.0,-7.231617258088401
complete,5,PE,30,test,train_majority,0,0,,,,,,,,,,,,,
complete,5,PE,60,train,price_baseline,21,19,8.0,12.0,3.6375173446718394,3.1375173446718407,2.6375173446718407,1.6375173446718405,63.1578947368421,6.285805976825014,0.4542981497847811,11.76600997460436,4.0,30.801087238750124,1.395784943544067
complete,5,PE,60,train,ratios_only,1,1,1.0,1.0,-5.576923076923079,-6.076923076923079,-6.576923076923079,-7.576923076923079,0.0,-6.576923076923079,,,0.0,,
complete,5,PE,60,train,price_plus_ratios,21,16,7.0,10.0,2.7766766361684176,2.2766766361684176,1.7766766361684176,0.7766766361684176,56.25,5.179131296352863,-0.8328119735786981,11.922977015355086,3.0,36.42531285399778,0.2292083742481952
complete,5,PE,60,train,ratio_compression,30,20,8.0,14.0,-2.6334892266132286,-3.1334892266132286,-3.6334892266132286,-4.633489226613229,45.0,-3.570387261657786,-9.695648879422514,2.138840335830113,4.0,21.644600132867183,-4.456009248642782
complete,5,PE,60,train,spot_momentum,48,36,9.0,25.0,-5.308681270791386,-5.808681270791386,-6.308681270791386,-7.308681270791386,36.11111111111111,-6.18471257157416,-10.87993027988989,-1.4588106169433064,1.0,36.53435538652867,-7.621599403454109
complete,5,PE,60,train,spot_reversal,30,26,9.0,19.0,-4.318785478449823,-4.818785478449823,-5.318785478449822,-6.318785478449824,38.46153846153847,-4.976831794054743,-10.21696570613438,-0.21598283711305533,2.0,45.69381640527672,-7.041587070455601
complete,5,PE,60,train,train_majority,0,0,,,,,,,,,,,,,
complete,5,PE,60,validation,price_baseline,0,0,,,,,,,,,,,,,
complete,5,PE,60,validation,ratios_only,0,0,,,,,,,,,,,,,
complete,5,PE,60,validation,price_plus_ratios,0,0,,,,,,,,,,,,,
complete,5,PE,60,validation,ratio_compression,5,5,2.0,2.0,3.123746483174732,2.623746483174732,2.123746483174732,1.1237464831747321,80.0,2.395673938544819,1.0360366616943848,3.755311215395253,2.0,93.09941977366134,0.366377074688796
complete,5,PE,60,validation,spot_momentum,1,1,1.0,1.0,6.639004149377592,6.139004149377592,5.639004149377592,4.639004149377592,100.0,5.639004149377592,,,1.0,100.00000000000001,
complete,5,PE,60,validation,spot_reversal,2,2,2.0,2.0,-11.851836110166614,-12.351836110166614,-12.851836110166614,-13.851836110166614,50.0,-12.851836110166614,-32.79190751445087,7.088235294117641,1.0,100.0,-32.79190751445087
complete,5,PE,60,validation,train_majority,0,0,,,,,,,,,,,,,
complete,5,PE,60,test,price_baseline,0,0,,,,,,,,,,,,,
complete,5,PE,60,test,ratios_only,0,0,,,,,,,,,,,,,
complete,5,PE,60,test,price_plus_ratios,0,0,,,,,,,,,,,,,
complete,5,PE,60,test,ratio_compression,10,9,1.0,6.0,-2.4830262149469204,-2.9830262149469204,-3.4830262149469204,-4.483026214946921,44.44444444444444,-3.483026214946921,,,0.0,59.01183186702941,-6.40639884209777
complete,5,PE,60,test,spot_momentum,5,5,1.0,5.0,-7.968807096115322,-8.468807096115322,-8.968807096115322,-9.968807096115322,40.0,-8.968807096115322,,,0.0,58.35489601085337,-12.97065517239496
complete,5,PE,60,test,spot_reversal,2,2,1.0,2.0,49.8084130446943,49.3084130446943,48.8084130446943,47.8084130446943,100.0,48.8084130446943,,,1.0,79.61011887025127,19.90395480225988
complete,5,PE,60,test,train_majority,0,0,,,,,,,,,,,,,
complete,5,BOTH,30,train,price_baseline,13,11,6.0,5.0,7.377560463570859,6.877560463570859,6.377560463570859,5.377560463570859,72.72727272727273,6.176821245663397,0.08781227328873,14.029155886816145,4.0,64.2813194060718,3.0269649794533455
complete,5,BOTH,30,train,ratios_only,11,9,4.0,4.0,6.161156821197398,5.661156821197398,5.161156821197398,4.161156821197398,77.77777777777779,4.356440655129706,-5.886312056603191,17.16005217224096,2.0,78.0838729750713,-2.2340573233134955
complete,5,BOTH,30,train,price_plus_ratios,13,12,6.0,6.0,6.475035373868166,5.975035373868166,5.475035373868166,4.475035373868166,66.66666666666666,5.944752019042457,-0.06260340120284032,14.027555277528563,3.0,64.2813194060718,2.0920017804139945
complete,5,BOTH,30,train,ratio_compression,7,4,4.0,4.0,-10.950429008567951,-11.450429008567951,-11.950429008567951,-12.950429008567953,0.0,-11.950429008567951,-22.903346087295596,-1.354784384448098,0.0,,-15.649591619267072
complete,5,BOTH,30,train,spot_momentum,14,11,6.0,6.0,-3.7284727385181182,-4.228472738518118,-4.728472738518118,-5.728472738518118,27.27272727272727,-6.876756440215545,-16.482401720458835,-0.6634821392633374,1.0,100.0,-6.120000451871989
complete,5,BOTH,30,train,spot_reversal,14,11,5.0,5.0,4.033980801330317,3.5339808013303173,3.0339808013303173,2.033980801330318,54.54545454545454,1.0645685441938633,-3.8298378452775452,7.518246884291528,2.0,82.7409338421361,-1.5837241146910994
complete,5,BOTH,30,train,train_majority,0,0,,,,,,,,,,,,,
complete,5,BOTH,60,train,price_baseline,8,6,3.0,4.0,10.194734239747959,9.694734239747959,9.194734239747959,8.194734239747959,100.0,8.024744394175215,4.054151624548742,11.074090697985218,3.0,38.099694659177615,6.829882283617357
complete,5,BOTH,60,train,ratios_only,9,5,3.0,4.0,16.304103310565004,15.804103310565003,15.304103310565003,14.304103310565,100.0,13.012397602512458,4.054151624548742,18.741661872643814,3.0,59.338090684864,10.371567682727779
complete,5,BOTH,60,train,price_plus_ratios,8,6,3.0,4.0,13.984103752181651,13.484103752181651,12.984103752181651,11.984103752181651,100.0,11.565934609814216,4.054151624548742,16.24137931034482,3.0,58.283850225976465,8.12470225211206
complete,5,BOTH,60,train,ratio_compression,5,4,4.0,3.0,-11.444042845378794,-11.944042845378794,-12.444042845378794,-13.444042845378794,25.0,-12.444042845378794,-23.01616245337754,-1.871923237380051,1.0,100.0,-17.533233597759963
complete,5,BOTH,60,train,spot_momentum,7,4,4.0,4.0,-7.118526101750054,-7.618526101750054,-8.118526101750053,-9.118526101750053,25.0,-8.118526101750053,-20.889539763899066,0.6063693886105512,1.0,100.0,-11.765877939588309
complete,5,BOTH,60,train,spot_reversal,7,5,4.0,4.0,1.6475214633042445,1.1475214633042445,0.6475214633042444,-0.3524785366957556,60.0,0.985197674132841,-5.046292144582489,7.938583239964798,2.0,74.18249395417033,-2.8037840102703746
complete,5,BOTH,60,train,train_majority,0,0,,,,,,,,,,,,,
complete,15,CE,30,train,price_baseline,39,30,8.0,15.0,1.9961825847637116,1.496182584763712,0.9961825847637119,-0.0038174152362883498,43.333333333333336,1.1366747493037832,-2.2706289381611002,4.484797489051563,4.0,46.525683890755566,-0.2036888030095631
complete,15,CE,30,train,ratios_only,0,0,,,,,,,,,,,,,
complete,15,CE,30,train,price_plus_ratios,43,34,9.0,17.0,1.9489759893417031,1.4489759893417036,0.9489759893417036,-0.05102401065829648,44.11764705882353,1.2984583054804044,-1.8997987569923118,4.3337773375359365,5.0,48.752218697131156,-0.1068869452294168
complete,15,CE,30,train,ratio_compression,78,62,9.0,33.0,-0.04572536994970382,-0.545725369949704,-1.045725369949704,-2.0457253699497033,32.25806451612903,-0.30685088534340976,-3.4263379443684503,4.323248101698142,4.0,44.31298276342385,-1.9780942093547078
complete,15,CE,30,train,spot_momentum,89,72,9.0,31.0,-0.13242199198723803,-0.6324219919872381,-1.1324219919872378,-2.132421991987238,33.33333333333333,-1.367297061366202,-3.3234035396566606,0.48009152673910294,3.0,32.28335119344499,-1.5618246344350282
complete,15,CE,30,train,spot_reversal,94,76,9.0,34.0,1.3041130969488375,0.8041130969488374,0.3041130969488375,-0.6958869030511626,48.68421052631579,0.9188944826528876,-0.5517262353360765,2.601531169899461,5.0,29.392298828709876,-0.1962194636577414
complete,15,CE,30,train,train_majority,0,0,,,,,,,,,,,,,
complete,15,CE,30,validation,price_baseline,2,2,2.0,2.0,14.413726333907048,13.913726333907048,13.413726333907048,12.413726333907048,100.0,13.413726333907048,1.3214285714285632,25.506024096385534,2.0,95.07434198918958,1.3214285714285632
complete,15,CE,30,validation,ratios_only,0,0,,,,,,,,,,,,,
complete,15,CE,30,validation,price_plus_ratios,2,2,2.0,2.0,14.413726333907048,13.913726333907048,13.413726333907048,12.413726333907048,100.0,13.413726333907048,1.3214285714285632,25.506024096385534,2.0,95.07434198918958,1.3214285714285632
complete,15,CE,30,validation,ratio_compression,10,9,3.0,6.0,1.7394888386069154,1.2394888386069154,0.7394888386069153,-0.2605111613930847,33.33333333333333,-0.0398952237550354,-3.7211243144231676,3.2933322468343906,2.0,52.05535141447049,-1.9576836662587322
complete,15,CE,30,validation,spot_momentum,9,7,3.0,4.0,4.672094088173388,4.172094088173389,3.6720940881733886,2.6720940881733886,42.857142857142854,3.709946268767195,-2.057617192260296,9.345027097716363,2.0,51.03392252540089,2.1322829613442464
complete,15,CE,30,validation,spot_reversal,6,6,3.0,4.0,5.905299572417374,5.405299572417374,4.905299572417374,3.9052995724173747,66.66666666666666,5.737850083213569,0.3844019037595352,10.91222570532917,3.0,69.04718932979219,0.7851546676237426
complete,15,CE,30,validation,train_majority,0,0,,,,,,,,,,,,,
complete,15,CE,30,test,price_baseline,7,6,2.0,4.0,-14.927118746769251,-15.427118746769251,-15.927118746769251,-16.92711874676925,0.0,-10.76029134856406,-18.510532445871842,-3.010050251256279,0.0,,-18.510532445871842
complete,15,CE,30,test,ratios_only,0,0,,,,,,,,,,,,,
complete,15,CE,30,test,price_plus_ratios,6,5,2.0,3.0,-17.146659119273664,-17.646659119273664,-18.146659119273664,-19.146659119273664,0.0,-12.470430793767145,-21.930811336278012,-3.010050251256279,0.0,,-21.930811336278012
complete,15,CE,30,test,ratio_compression,32,31,2.0,12.0,-3.554492296900425,-4.054492296900425,-4.554492296900426,-5.554492296900426,32.25806451612903,-3.587165342356213,-5.351114494760366,-1.82321618995206,0.0,62.084796883224705,-6.844199817115028
complete,15,CE,30,test,spot_momentum,22,21,2.0,9.0,3.388983631449183,2.888983631449183,2.388983631449183,1.388983631449183,38.095238095238095,1.7091944382925572,0.4114150695389995,3.006973807046115,2.0,54.90469725231153,-2.448214484475077
complete,15,CE,30,test,spot_reversal,16,15,2.0,10.0,-1.794758454828727,-2.2947584548287265,-2.7947584548287265,-3.7947584548287265,40.0,-0.8752211279257713,-4.988515399860676,3.238073144009133,1.0,50.738815077779044,-5.208669773030777
complete,15,CE,30,test,train_majority,0,0,,,,,,,,,,,,,
complete,15,CE,60,train,price_baseline,1,1,1.0,1.0,8.2995951417004,7.799595141700401,7.299595141700401,6.299595141700401,100.0,7.299595141700401,,,1.0,100.0,
complete,15,CE,60,train,ratios_only,0,0,,,,,,,,,,,,,
complete,15,CE,60,train,price_plus_ratios,2,2,2.0,2.0,0.15511411665258246,-0.34488588334741754,-0.8448858833474175,-1.8448858833474175,50.0,-0.8448858833474175,-5.571428571428571,3.881656804733736,1.0,100.0,-5.571428571428571
complete,15,CE,60,train,ratio_compression,40,28,8.0,18.0,2.14321196021868,1.6432119602186799,1.1432119602186799,0.14321196021867963,53.57142857142857,5.5330289825473775,-3.384816411514064,19.990650040629014,5.0,55.59995533646191,-0.8010829767262571
complete,15,CE,60,train,spot_momentum,51,41,9.0,26.0,-0.8394914685261319,-1.3394914685261317,-1.8394914685261317,-2.839491468526132,34.146341463414636,-1.1261603767166402,-3.8335677461285025,1.799180887827889,4.0,26.44801668392276,-2.629236194088173
complete,15,CE,60,train,spot_reversal,53,37,8.0,25.0,0.346954977333866,-0.15304502266613407,-0.6530450226661342,-1.6530450226661337,43.24324324324324,-2.4641796602708674,-5.63318143439501,0.32441236237527205,3.0,17.52455530390182,-0.9602361495114872
complete,15,CE,60,train,train_majority,0,0,,,,,,,,,,,,,
complete,15,CE,60,validation,price_baseline,0,0,,,,,,,,,,,,,
complete,15,CE,60,validation,ratios_only,0,0,,,,,,,,,,,,,
complete,15,CE,60,validation,price_plus_ratios,0,0,,,,,,,,,,,,,
complete,15,CE,60,validation,ratio_compression,8,6,3.0,5.0,1.0118960916194262,0.5118960916194263,0.01189609161942625,-0.9881039083805736,33.33333333333333,-1.5563798494797816,-14.810420089430503,9.775468093793203,2.0,99.07713657865571,-7.840332198589112
complete,15,CE,60,validation,spot_momentum,4,3,2.0,2.0,3.5107632478288515,3.0107632478288515,2.510763247828852,1.5107632478288517,66.66666666666666,4.72640576920497,-1.9205217949233844,11.373333333333324,1.0,100.0,-1.9205217949233844
complete,15,CE,60,validation,spot_reversal,3,3,3.0,2.0,-2.634023401068222,-3.1340234010682217,-3.6340234010682217,-4.634023401068222,33.33333333333333,-3.6340234010682217,-13.143611404435058,9.344827586206918,1.0,100.0,-10.123448894705792
complete,15,CE,60,validation,train_majority,0,0,,,,,,,,,,,,,
complete,15,CE,60,test,price_baseline,0,0,,,,,,,,,,,,,
complete,15,CE,60,test,ratios_only,0,0,,,,,,,,,,,,,
complete,15,CE,60,test,price_plus_ratios,0,0,,,,,,,,,,,,,
complete,15,CE,60,test,ratio_compression,15,15,2.0,9.0,-2.5425650448301496,-3.0425650448301496,-3.5425650448301496,-4.542565044830151,40.0,-1.0543370556584004,-5.2013837042779825,3.0927095929611816,1.0,81.67024929069332,-9.113093966435962
complete,15,CE,60,test,spot_momentum,11,11,2.0,9.0,0.42117632288188617,-0.07882367711811385,-0.5788236771181139,-1.5788236771181134,36.36363636363637,4.112322890464187,-3.2594788585937136,11.484124639522086,1.0,73.92998408276055,-10.942062996957462
complete,15,CE,60,test,spot_reversal,6,5,2.0,4.0,-11.513483019623662,-12.013483019623662,-12.513483019623662,-13.513483019623663,40.0,-6.45283643500348,-16.553914076037117,3.648241206030157,1.0,55.133192736965846,-16.762610954686235
complete,15,CE,60,test,train_majority,0,0,,,,,,,,,,,,,
complete,15,PE,30,train,price_baseline,23,20,8.0,9.0,0.5184892006525024,0.01848920065250237,-0.4815107993474975,-1.4815107993474979,40.0,-2.3974387682344194,-6.903374281959009,1.12885841062648,4.0,61.23302917905415,-2.1377400677656566
complete,15,PE,30,train,ratios_only,0,0,,,,,,,,,,,,,
complete,15,PE,30,train,price_plus_ratios,28,21,8.0,12.0,0.8111057822940475,0.31110578229404756,-0.18889421770595258,-1.1888942177059525,33.33333333333333,-0.22448017946847865,-2.2642100585612632,2.5889812801615086,3.0,74.9983826181026,-1.611948573340474
complete,15,PE,30,train,ratio_compression,37,31,7.0,21.0,0.5504611186311514,0.050461118631151894,-0.4495388813688481,-1.4495388813688481,45.16129032258064,1.2993100878047221,-2.870681837855311,6.555888124457751,2.0,21.842039172589896,-1.08922685486863
complete,15,PE,30,train,spot_momentum,46,41,9.0,20.0,-3.763063915334932,-4.263063915334931,-4.763063915334931,-5.763063915334931,31.70731707317073,-5.924839676340038,-10.018599871359656,-2.408655066889637,2.0,50.488785006200985,-5.481742490373427
complete,15,PE,30,train,spot_reversal,49,45,9.0,22.0,-2.795547219430635,-3.2955472194306354,-3.7955472194306354,-4.795547219430635,42.22222222222222,-2.3251489525528477,-4.336451237156607,0.19462404722596915,1.0,37.150605910494185,-4.279233502558619
complete,15,PE,30,train,train_majority,0,0,,,,,,,,,,,,,
complete,15,PE,30,validation,price_baseline,1,0,,,,,,,,,,,,,
complete,15,PE,30,validation,ratios_only,0,0,,,,,,,,,,,,,
complete,15,PE,30,validation,price_plus_ratios,1,0,,,,,,,,,,,,,
complete,15,PE,30,validation,ratio_compression,4,2,2.0,2.0,-0.38154069767440957,-0.8815406976744096,-1.3815406976744096,-2.3815406976744096,50.0,-1.3815406976744096,-3.325581395348819,0.5625,1.0,100.0,-3.325581395348819
complete,15,PE,30,validation,spot_momentum,1,0,,,,,,,,,,,,,
complete,15,PE,30,validation,spot_reversal,2,1,1.0,1.0,-26.589595375722553,-27.089595375722553,-27.589595375722553,-28.589595375722553,0.0,-27.589595375722553,,,0.0,,
complete,15,PE,30,validation,train_majority,0,0,,,,,,,,,,,,,
complete,15,PE,30,test,price_baseline,7,6,2.0,4.0,-0.1355231071566969,-0.6355231071566969,-1.135523107156697,-2.135523107156697,33.33333333333333,0.7368679538877982,-2.071718637678945,3.5454545454545414,1.0,89.6147258987726,-7.481386543820757
complete,15,PE,30,test,ratios_only,0,0,,,,,,,,,,,,,
complete,15,PE,30,test,price_plus_ratios,4,3,2.0,3.0,7.906288818671018,7.406288818671018,6.906288818671018,5.906288818671018,66.66666666666666,6.066080250366899,3.5454545454545414,8.586705955279257,2.0,89.6147258987726,-4.9374638100752755
complete,15,PE,30,test,ratio_compression,19,18,2.0,8.0,-9.638185771759124,-10.138185771759124,-10.638185771759124,-11.638185771759122,16.666666666666664,-10.194640549243317,-10.693628924573598,-9.695652173913038,0.0,100.0,-14.950983101994417
complete,15,PE,30,test,spot_momentum,7,7,1.0,5.0,-10.23028571933153,-10.73028571933153,-11.23028571933153,-12.23028571933153,14.285714285714285,-11.23028571933153,,,0.0,100.0,-21.791212412864922
complete,15,PE,30,test,spot_reversal,2,2,1.0,2.0,4.165845324922789,3.665845324922789,3.165845324922789,2.165845324922789,50.0,3.165845324922789,,,1.0,99.99999999999999,-6.118601747815221
complete,15,PE,30,test,train_majority,0,0,,,,,,,,,,,,,
complete,15,PE,60,train,price_baseline,16,15,6.0,9.0,2.1168522607307256,1.6168522607307254,1.1168522607307254,0.11685226073072551,60.0,1.3111246998950226,-3.0787890435105605,6.144746685912267,4.0,39.37409778491881,-0.30472929353143513
complete,15,PE,60,train,ratios_only,0,0,,,,,,,,,,,,,
complete,15,PE,60,train,price_plus_ratios,18,16,6.0,9.0,1.9111506777318086,1.4111506777318086,0.9111506777318086,-0.08884932226819142,56.25,0.6625552606632347,-3.93895391537709,5.769952371322568,3.0,41.04597077072285,-0.42937221177946877
complete,15,PE,60,train,ratio_compression,18,14,5.0,14.0,6.614253215238862,6.114253215238862,5.614253215238862,4.614253215238862,64.28571428571429,5.225805448691398,-3.223308325192787,13.674919222575582,3.0,19.726464934833775,4.123911111413255
complete,15,PE,60,train,spot_momentum,28,25,9.0,17.0,-5.089379229311645,-5.589379229311646,-6.089379229311646,-7.089379229311645,36.0,-6.138039594544715,-10.805921436288536,-1.4107868198282758,1.0,37.667712233918195,-8.048244566420607
complete,15,PE,60,train,spot_reversal,20,17,7.0,12.0,-1.5420865943044095,-2.0420865943044095,-2.5420865943044095,-3.5420865943044095,52.94117647058824,-2.882272416823477,-6.204841703977832,0.2989044203964241,2.0,46.806313586236584,-4.777396591711314
complete,15,PE,60,train,train_majority,0,0,,,,,,,,,,,,,
complete,15,PE,60,validation,price_baseline,0,0,,,,,,,,,,,,,
complete,15,PE,60,validation,ratios_only,0,0,,,,,,,,,,,,,
complete,15,PE,60,validation,price_plus_ratios,0,0,,,,,,,,,,,,,
complete,15,PE,60,validation,ratio_compression,3,3,2.0,2.0,0.2269235217487564,-0.2730764782512436,-0.7730764782512436,-1.7730764782512436,33.33333333333333,-1.3428032547212634,-3.0519835841313228,0.366377074688796,1.0,100.0,-3.0519835841313228
complete,15,PE,60,validation,spot_momentum,1,1,1.0,1.0,6.639004149377592,6.139004149377592,5.639004149377592,4.639004149377592,100.0,5.639004149377592,,,1.0,100.00000000000001,
complete,15,PE,60,validation,spot_reversal,1,1,1.0,1.0,-31.79190751445087,-32.29190751445087,-32.79190751445087,-33.79190751445087,0.0,-32.79190751445087,,,0.0,,
complete,15,PE,60,validation,train_majority,0,0,,,,,,,,,,,,,
complete,15,PE,60,test,price_baseline,2,1,1.0,1.0,22.611464968152873,22.111464968152873,21.611464968152873,20.611464968152873,100.0,21.611464968152873,,,1.0,100.0,
complete,15,PE,60,test,ratios_only,0,0,,,,,,,,,,,,,
complete,15,PE,60,test,price_plus_ratios,2,1,1.0,1.0,22.611464968152873,22.111464968152873,21.611464968152873,20.611464968152873,100.0,21.611464968152873,,,1.0,100.0,
complete,15,PE,60,test,ratio_compression,12,11,1.0,7.0,-14.983905055484373,-15.483905055484373,-15.983905055484373,-16.983905055484374,27.27272727272727,-15.983905055484373,,,0.0,,-21.570946720177126
complete,15,PE,60,test,spot_momentum,5,5,1.0,5.0,-17.881392159931437,-18.381392159931437,-18.881392159931437,-19.881392159931437,20.0,-18.881392159931437,,,0.0,100.0,-25.361386502165104
complete,15,PE,60,test,spot_reversal,0,0,,,,,,,,,,,,,
complete,15,PE,60,test,train_majority,0,0,,,,,,,,,,,,,
complete,30,CE,30,train,price_baseline,0,0,,,,,,,,,,,,,
complete,30,CE,30,train,ratios_only,0,0,,,,,,,,,,,,,
complete,30,CE,30,train,price_plus_ratios,1,1,1.0,1.0,-3.6883833160979096,-4.18838331609791,-4.68838331609791,-5.68838331609791,0.0,-4.68838331609791,,,0.0,,
complete,30,CE,30,train,ratio_compression,61,47,9.0,31.0,-0.9176187012041923,-1.4176187012041923,-1.9176187012041919,-2.917618701204191,25.53191489361702,-2.519374464164245,-4.273345118241841,-1.0167693705007173,1.0,37.30978214784881,-2.4392391746417417
complete,30,CE,30,train,spot_momentum,64,48,9.0,27.0,-0.25876233851866653,-0.7587623385186667,-1.2587623385186666,-2.258762338518666,25.0,-1.5233396268842851,-3.0310518945484457,0.00966798543224772,3.0,35.857440639153005,-1.7552662835280655
complete,30,CE,30,train,spot_reversal,84,67,9.0,30.0,0.16862332563359153,-0.3313766743664085,-0.8313766743664085,-1.8313766743664084,47.76119402985074,-0.8329320624237776,-2.1803589796521297,0.3846210389240244,3.0,21.973472638993055,-1.1086445249670318
complete,30,CE,30,train,train_majority,0,0,,,,,,,,,,,,,
complete,30,CE,30,validation,price_baseline,1,1,1.0,1.0,26.506024096385534,26.006024096385534,25.506024096385534,24.506024096385534,100.0,25.506024096385534,,,1.0,100.0,
complete,30,CE,30,validation,ratios_only,0,0,,,,,,,,,,,,,
complete,30,CE,30,validation,price_plus_ratios,1,1,1.0,1.0,4.305639781685877,3.805639781685877,3.305639781685877,2.305639781685877,100.0,3.305639781685877,,,1.0,100.0,
complete,30,CE,30,validation,ratio_compression,10,7,3.0,5.0,8.931035933124107,8.431035933124107,7.931035933124107,6.931035933124107,71.42857142857143,7.367984925164617,5.3973063973064015,8.575500592572952,3.0,52.25523689186074,4.922784207635362
complete,30,CE,30,validation,spot_momentum,9,6,3.0,3.0,4.88220932647217,4.38220932647217,3.8822093264721698,2.8822093264721698,50.0,2.3015718324250565,-2.400560224089631,5.462846820519282,2.0,64.58197100945844,2.0625030370851323
complete,30,CE,30,validation,spot_reversal,3,3,2.0,3.0,12.606247441576699,12.106247441576699,11.606247441576699,10.6062474415767,100.0,10.90243035565997,8.79097909790978,13.01388161341016,2.0,73.253720247873,4.656359114172282
complete,30,CE,30,validation,train_majority,0,0,,,,,,,,,,,,,
complete,30,CE,30,test,price_baseline,5,5,1.0,2.0,-24.684907243095303,-25.184907243095303,-25.684907243095303,-26.684907243095303,20.0,-25.684907243095303,,,0.0,100.0,-32.34275205873531
complete,30,CE,30,test,ratios_only,0,0,,,,,,,,,,,,,
complete,30,CE,30,test,price_plus_ratios,1,1,1.0,1.0,-40.692640692640694,-41.192640692640694,-41.692640692640694,-42.692640692640694,0.0,-41.692640692640694,,,0.0,,
complete,30,CE,30,test,ratio_compression,24,24,2.0,9.0,-7.353808830607744,-7.853808830607744,-8.353808830607745,-9.353808830607745,25.0,-7.414592684139786,-10.232241123543664,-4.596944244735907,0.0,100.0,-10.539691661911123
complete,30,CE,30,test,spot_momentum,17,17,2.0,9.0,-5.99099851836022,-6.49099851836022,-6.99099851836022,-7.99099851836022,23.52941176470588,-5.727864155959057,-10.022520988123008,-1.433207323795106,0.0,73.5384820442429,-9.705684572485612
complete,30,CE,30,test,spot_reversal,22,20,2.0,10.0,-6.2522532700725835,-6.7522532700725835,-7.252253270072582,-8.252253270072583,30.0,-2.0751215355123107,-9.471024013455558,5.320780942430937,1.0,63.17248237403621,-9.265529757971139
complete,30,CE,30,test,train_majority,0,0,,,,,,,,,,,,,
complete,30,CE,60,train,price_baseline,0,0,,,,,,,,,,,,,
complete,30,CE,60,train,ratios_only,0,0,,,,,,,,,,,,,
complete,30,CE,60,train,price_plus_ratios,0,0,,,,,,,,,,,,,
complete,30,CE,60,train,ratio_compression,23,14,6.0,12.0,0.687958041774651,0.187958041774651,-0.312041958225349,-1.3120419582253489,42.857142857142854,-1.329520297304818,-4.121333645381685,0.8732921260008846,2.0,52.56073196703092,-1.7253443591542101
complete,30,CE,60,train,spot_momentum,28,17,7.0,14.0,0.3658664125985338,-0.1341335874014662,-0.6341335874014662,-1.634133587401466,29.411764705882355,-1.3097657956498079,-3.985359102095525,1.3926299188780729,3.0,44.135576627067515,-1.8077210587013706
complete,30,CE,60,train,spot_reversal,27,21,6.0,13.0,-0.6322979413650754,-1.1322979413650753,-1.6322979413650753,-2.632297941365075,42.857142857142854,-1.1853095557239304,-3.0760659341255323,0.8394402847789951,2.0,41.48083679360349,-2.1240355378198315
complete,30,CE,60,train,train_majority,0,0,,,,,,,,,,,,,
complete,30,CE,60,validation,price_baseline,0,0,,,,,,,,,,,,,
complete,30,CE,60,validation,ratios_only,0,0,,,,,,,,,,,,,
complete,30,CE,60,validation,price_plus_ratios,0,0,,,,,,,,,,,,,
complete,30,CE,60,validation,ratio_compression,5,2,2.0,2.0,7.769158249158236,7.269158249158236,6.769158249158236,5.769158249158236,100.0,6.769158249158236,2.1649831649831484,11.373333333333324,2.0,84.0084757565509,2.1649831649831484
complete,30,CE,60,validation,spot_momentum,2,1,1.0,1.0,12.373333333333324,11.873333333333324,11.373333333333324,10.373333333333324,100.0,11.373333333333324,,,1.0,100.0,
complete,30,CE,60,validation,spot_reversal,0,0,,,,,,,,,,,,,
complete,30,CE,60,validation,train_majority,0,0,,,,,,,,,,,,,
complete,30,CE,60,test,price_baseline,0,0,,,,,,,,,,,,,
complete,30,CE,60,test,ratios_only,0,0,,,,,,,,,,,,,
complete,30,CE,60,test,price_plus_ratios,0,0,,,,,,,,,,,,,
complete,30,CE,60,test,ratio_compression,13,13,2.0,8.0,-9.852030804517199,-10.352030804517199,-10.852030804517199,-11.852030804517199,30.76923076923077,-7.784177340184577,-15.76059634744939,0.19224166708023493,1.0,59.143116889629546,-13.405337801616646
complete,30,CE,60,test,spot_momentum,7,7,2.0,6.0,-7.052395276684946,-7.552395276684946,-8.052395276684946,-9.052395276684946,28.57142857142857,-2.191439301822836,-15.867003243167758,11.484124639522086,1.0,80.3508535120858,-13.744306468744853
complete,30,CE,60,test,spot_reversal,7,6,1.0,3.0,-21.28707350151784,-21.78707350151784,-22.28707350151784,-23.28707350151784,16.666666666666664,-22.28707350151784,,,0.0,100.0,-37.754176847056264
complete,30,CE,60,test,train_majority,0,0,,,,,,,,,,,,,
complete,30,PE,30,train,price_baseline,61,40,8.0,16.0,2.325788839545706,1.8257888395457065,1.3257888395457063,0.3257888395457063,55.00000000000001,1.12211257723827,-1.9355248225219484,3.8610480251778134,5.0,22.92298059236872,0.809614817934516
complete,30,PE,30,train,ratios_only,81,60,9.0,22.0,0.7995316118671334,0.2995316118671333,-0.20046838813286658,-1.2004683881328664,56.666666666666664,0.12450727204273557,-1.5844968602365261,1.6882059058736705,5.0,21.503656866378392,-0.5307590128278634
complete,30,PE,30,train,price_plus_ratios,59,39,8.0,17.0,2.9021661580608784,2.4021661580608784,1.9021661580608782,0.9021661580608784,58.97435897435898,1.3916535258414593,-1.818317517196693,4.309326036793945,5.0,19.645781749839095,1.387576433736635
complete,30,PE,30,train,ratio_compression,37,25,7.0,15.0,0.3873828172398365,-0.1126171827601635,-0.6126171827601635,-1.6126171827601636,52.0,1.3989683922282559,-1.3847990796852199,4.108603826425747,4.0,37.03395582599378,-1.3158659578046803
complete,30,PE,30,train,spot_momentum,37,31,8.0,15.0,-1.6164020479824635,-2.1164020479824632,-2.6164020479824637,-3.6164020479824637,29.03225806451613,-2.8181916609973374,-4.379266422549682,-1.4156177916918566,0.0,31.183280807938235,-3.178006407931303
complete,30,PE,30,train,spot_reversal,44,40,9.0,21.0,-1.275906892355739,-1.775906892355739,-2.275906892355739,-3.2759068923557395,50.0,-1.1578213622287123,-3.0747510220307497,0.5258587203011226,4.0,33.187327116348094,-2.701742106143594
complete,30,PE,30,train,train_majority,0,0,,,,,,,,,,,,,
complete,30,PE,30,validation,price_baseline,0,0,,,,,,,,,,,,,
complete,30,PE,30,validation,ratios_only,1,1,1.0,1.0,-5.303030303030298,-5.803030303030298,-6.303030303030298,-7.303030303030298,0.0,-6.303030303030298,,,0.0,,
complete,30,PE,30,validation,price_plus_ratios,0,0,,,,,,,,,,,,,
complete,30,PE,30,validation,ratio_compression,2,2,2.0,2.0,-8.10385763939883,-8.60385763939883,-9.10385763939883,-10.10385763939883,0.0,-9.10385763939883,-11.904684975767363,-6.303030303030298,0.0,,-11.904684975767363
complete,30,PE,30,validation,spot_momentum,0,0,,,,,,,,,,,,,
complete,30,PE,30,validation,spot_reversal,2,1,1.0,1.0,-26.589595375722553,-27.089595375722553,-27.589595375722553,-28.589595375722553,0.0,-27.589595375722553,,,0.0,,
complete,30,PE,30,validation,train_majority,0,0,,,,,,,,,,,,,
complete,30,PE,30,test,price_baseline,2,1,1.0,1.0,0.7448789571694592,0.24487895716945918,-0.2551210428305408,-1.2551210428305408,0.0,-0.2551210428305408,,,0.0,,
complete,30,PE,30,test,ratios_only,13,11,2.0,6.0,-0.5632392319667037,-1.0632392319667037,-1.5632392319667034,-2.5632392319667034,36.36363636363637,0.6907342231326765,-2.8512240634520647,4.232692509717418,1.0,68.29949069648781,-5.382138314495129
complete,30,PE,30,test,price_plus_ratios,2,1,1.0,1.0,0.7448789571694592,0.24487895716945918,-0.2551210428305408,-1.2551210428305408,0.0,-0.2551210428305408,,,0.0,,
complete,30,PE,30,test,ratio_compression,14,12,2.0,6.0,0.10379959434541826,-0.3962004056545818,-0.8962004056545818,-1.8962004056545816,41.66666666666667,0.14534958820583788,-1.1045104044266665,1.3952095808383422,1.0,88.86570922457757,-7.161040279222504
complete,30,PE,30,test,spot_momentum,5,5,1.0,4.0,4.142636931110452,3.6426369311104523,3.142636931110452,2.142636931110452,40.0,3.142636931110452,,,1.0,89.55801858508838,-4.876959124483881
complete,30,PE,30,test,spot_reversal,2,2,1.0,2.0,4.165845324922789,3.665845324922789,3.165845324922789,2.165845324922789,50.0,3.165845324922789,,,1.0,99.99999999999999,-6.118601747815221
complete,30,PE,30,test,train_majority,0,0,,,,,,,,,,,,,
complete,30,PE,60,train,price_baseline,38,28,8.0,18.0,4.3520290306438465,3.852029030643847,3.352029030643847,2.352029030643847,64.28571428571429,4.111145843429053,0.38008401129855485,7.3064979917665545,6.0,19.899458553387404,2.5506708256687385
complete,30,PE,60,train,ratios_only,33,29,7.0,11.0,2.0200450226062263,1.5200450226062272,1.0200450226062272,0.020045022606227217,51.724137931034484,0.7059888623912242,-2.6217882671542374,4.419575606954915,3.0,52.61592225509356,0.04580826044241638
complete,30,PE,60,train,price_plus_ratios,39,29,8.0,19.0,4.36575238107893,3.86575238107893,3.36575238107893,2.36575238107893,65.51724137931035,4.053570792442139,0.3717082752484264,7.263708106636441,6.0,19.32243772741487,2.5935042316541863
complete,30,PE,60,train,ratio_compression,9,6,2.0,6.0,0.124866218263653,-0.375133781736347,-0.8751337817363467,-1.8751337817363467,50.0,-0.8751337817363467,-11.022682715377998,9.272415151905305,1.0,78.4669585655607,-5.415629831247001
complete,30,PE,60,train,spot_momentum,13,9,5.0,8.0,1.9199585533775096,1.4199585533775099,0.9199585533775099,-0.08004144662249008,55.55555555555556,-1.0643383908681263,-8.70529404818961,7.544544308052328,2.0,55.274393448517976,-1.6934649356774165
complete,30,PE,60,train,spot_reversal,22,18,7.0,13.0,1.240411537964838,0.7404115379648378,0.24041153796483783,-0.759588462035162,55.55555555555556,-1.2205058733312426,-5.883648547468719,2.8754458181262077,3.0,36.057772813086004,-1.2893781664944242
complete,30,PE,60,train,train_majority,0,0,,,,,,,,,,,,,
complete,30,PE,60,validation,price_baseline,0,0,,,,,,,,,,,,,
complete,30,PE,60,validation,ratios_only,0,0,,,,,,,,,,,,,
complete,30,PE,60,validation,price_plus_ratios,0,0,,,,,,,,,,,,,
complete,30,PE,60,validation,ratio_compression,0,0,,,,,,,,,,,,,
complete,30,PE,60,validation,spot_momentum,0,0,,,,,,,,,,,,,
complete,30,PE,60,validation,spot_reversal,1,1,1.0,1.0,-31.79190751445087,-32.29190751445087,-32.79190751445087,-33.79190751445087,0.0,-32.79190751445087,,,0.0,,
complete,30,PE,60,validation,train_majority,0,0,,,,,,,,,,,,,
complete,30,PE,60,test,price_baseline,1,1,1.0,1.0,-23.42105263157894,-23.92105263157894,-24.42105263157894,-25.42105263157894,0.0,-24.42105263157894,,,0.0,,
complete,30,PE,60,test,ratios_only,0,0,,,,,,,,,,,,,
complete,30,PE,60,test,price_plus_ratios,1,1,1.0,1.0,-23.42105263157894,-23.92105263157894,-24.42105263157894,-25.42105263157894,0.0,-24.42105263157894,,,0.0,,
complete,30,PE,60,test,ratio_compression,8,8,1.0,5.0,-4.814371513922657,-5.314371513922657,-5.814371513922657,-6.814371513922657,50.0,-5.814371513922658,,,0.0,100.0,-8.651918052494034
complete,30,PE,60,test,spot_momentum,3,3,1.0,3.0,-2.5638530780041706,-3.0638530780041706,-3.5638530780041706,-4.563853078004171,66.66666666666666,-3.5638530780041706,,,0.0,58.35489601085337,-8.865072221507868
complete,30,PE,60,test,spot_reversal,0,0,,,,,,,,,,,,,
complete,30,PE,60,test,train_majority,0,0,,,,,,,,,,,,,
80pct,5,CE,30,train,price_baseline,28,23,6.0,13.0,3.4961246298279915,2.9961246298279907,2.4961246298279907,1.4961246298279907,52.17391304347826,1.9653598628952078,-2.158678242351282,6.078908960093524,4.0,39.90339737793518,0.9826551661752323
80pct,5,CE,30,train,ratios_only,0,0,,,,,,,,,,,,,
80pct,5,CE,30,train,price_plus_ratios,28,23,6.0,13.0,3.4961246298279915,2.9961246298279907,2.4961246298279907,1.4961246298279907,52.17391304347826,1.9653598628952078,-2.158678242351282,6.078908960093524,4.0,39.90339737793518,0.9826551661752323
80pct,5,CE,30,train,ratio_compression,92,75,9.0,36.0,-0.04815469270520533,-0.5481546927052053,-1.0481546927052052,-2.0481546927052054,36.0,-1.1970019336847881,-2.2524632841004064,-0.14168458507108042,1.0,15.78154843648758,-1.2389350915125072
80pct,5,CE,30,train,spot_momentum,93,82,9.0,38.0,-0.42693128391535556,-0.9269312839153555,-1.4269312839153558,-2.4269312839153554,32.926829268292686,-1.3926790542126086,-3.0837925247319653,0.5320332538153884,2.0,28.7552944316382,-1.810021328355375
80pct,5,CE,30,train,spot_reversal,99,81,9.0,37.0,0.42699406403062445,-0.07300593596937552,-0.5730059359693757,-1.5730059359693755,46.913580246913575,-0.2964479396913023,-1.5476708094007503,1.4749398224009913,3.0,38.849164442807414,-1.0750012439570025
80pct,5,CE,30,train,train_majority,0,0,,,,,,,,,,,,,
80pct,5,CE,30,validation,price_baseline,2,1,1.0,1.0,26.506024096385534,26.006024096385534,25.506024096385534,24.506024096385534,100.0,25.506024096385534,,,1.0,100.0,
80pct,5,CE,30,validation,ratios_only,0,0,,,,,,,,,,,,,
80pct,5,CE,30,validation,price_plus_ratios,2,1,1.0,1.0,26.506024096385534,26.006024096385534,25.506024096385534,24.506024096385534,100.0,25.506024096385534,,,1.0,100.0,
80pct,5,CE,30,validation,ratio_compression,10,7,3.0,6.0,0.76291677852701,0.26291677852701006,-0.23708322147299007,-1.2370832214729899,42.857142857142854,-0.6944891153088072,-3.4138018041958174,3.625744202003562,1.0,83.89333228651718,-3.183897764148842
80pct,5,CE,30,validation,spot_momentum,9,7,3.0,4.0,4.672094088173388,4.172094088173389,3.6720940881733886,2.6720940881733886,42.857142857142854,3.709946268767195,-2.057617192260296,9.345027097716363,2.0,51.03392252540089,2.1322829613442464
80pct,5,CE,30,validation,spot_reversal,10,8,3.0,4.0,4.774951642310374,4.274951642310374,3.7749516423103744,2.7749516423103744,62.5,5.299095988689678,0.6528616098056297,10.91222570532917,3.0,66.5221935366483,0.8525923933360886
80pct,5,CE,30,validation,train_majority,0,0,,,,,,,,,,,,,
80pct,5,CE,30,test,price_baseline,6,5,2.0,2.0,-14.63112622715403,-15.13112622715403,-15.63112622715403,-16.63112622715403,20.0,-12.793870060660398,-26.980150893128553,1.392410771807757,1.0,100.0,-26.980150893128553
80pct,5,CE,30,test,ratios_only,0,0,,,,,,,,,,,,,
80pct,5,CE,30,test,price_plus_ratios,6,5,2.0,2.0,-14.63112622715403,-15.13112622715403,-15.63112622715403,-16.63112622715403,20.0,-12.793870060660398,-26.980150893128553,1.392410771807757,1.0,100.0,-26.980150893128553
80pct,5,CE,30,test,ratio_compression,27,26,3.0,12.0,-5.417947427778864,-5.917947427778864,-6.417947427778864,-7.417947427778864,19.230769230769234,-7.323006576575985,-13.772075191689341,-1.1728188202758525,0.0,75.91557106359743,-9.630536700004061
80pct,5,CE,30,test,spot_momentum,28,27,3.0,13.0,-0.25095370746257606,-0.7509537074625761,-1.2509537074625763,-2.250953707462576,40.74074074074074,-7.026849226536886,-20.77491961414791,0.4114150695389995,1.0,52.94039312278298,-5.4593066346955945
80pct,5,CE,30,test,spot_reversal,17,15,3.0,9.0,-4.3321321922024625,-4.8321321922024625,-5.3321321922024625,-6.3321321922024625,33.33333333333333,-4.1366332854812216,-8.587366939846742,3.238073144009133,1.0,42.42440044669213,-6.625038817329629
80pct,5,CE,30,test,train_majority,0,0,,,,,,,,,,,,,
80pct,5,CE,60,train,price_baseline,0,0,,,,,,,,,,,,,
80pct,5,CE,60,train,ratios_only,0,0,,,,,,,,,,,,,
80pct,5,CE,60,train,price_plus_ratios,0,0,,,,,,,,,,,,,
80pct,5,CE,60,train,ratio_compression,49,35,9.0,24.0,-1.4062740617517708,-1.9062740617517704,-2.4062740617517706,-3.4062740617517706,45.714285714285715,-2.485280032653999,-5.162362637057511,-0.20482398718936518,3.0,27.52924857398576,-2.8576135420060735
80pct,5,CE,60,train,spot_momentum,58,48,9.0,28.0,-1.4732432911964386,-1.9732432911964384,-2.4732432911964386,-3.473243291196438,33.33333333333333,-2.4285223668246214,-4.829623610245638,-0.12475520979612341,3.0,27.993437444082016,-3.1703638986368774
80pct,5,CE,60,train,spot_reversal,56,42,8.0,27.0,-0.8621398308356831,-1.3621398308356831,-1.862139830835683,-2.862139830835683,42.857142857142854,-3.6157590083555755,-9.379160206874419,0.8953136449490031,2.0,31.023341687735023,-2.343466826064182
80pct,5,CE,60,train,train_majority,0,0,,,,,,,,,,,,,
80pct,5,CE,60,validation,price_baseline,0,0,,,,,,,,,,,,,
80pct,5,CE,60,validation,ratios_only,0,0,,,,,,,,,,,,,
80pct,5,CE,60,validation,price_plus_ratios,0,0,,,,,,,,,,,,,
80pct,5,CE,60,validation,ratio_compression,5,3,2.0,2.0,-0.32954889249746283,-0.8295488924974629,-1.3295488924974628,-2.329548892497463,33.33333333333333,-1.1132330979445262,-1.7621804816033362,-0.4642857142857162,0.0,100.00000000000001,-2.1772295623451723
80pct,5,CE,60,validation,spot_momentum,4,3,2.0,2.0,3.5107632478288515,3.0107632478288515,2.510763247828852,1.5107632478288517,66.66666666666666,4.72640576920497,-1.9205217949233844,11.373333333333324,1.0,100.0,-1.9205217949233844
80pct,5,CE,60,validation,spot_reversal,6,4,3.0,3.0,-4.920218878559701,-5.420218878559701,-5.920218878559701,-6.920218878559701,25.0,-4.9280840979243665,-8.896623220465703,1.215657311669128,1.0,100.0,-8.298844275302644
80pct,5,CE,60,validation,train_majority,0,0,,,,,,,,,,,,,
80pct,5,CE,60,test,price_baseline,0,0,,,,,,,,,,,,,
80pct,5,CE,60,test,ratios_only,0,0,,,,,,,,,,,,,
80pct,5,CE,60,test,price_plus_ratios,0,0,,,,,,,,,,,,,
80pct,5,CE,60,test,ratio_compression,13,13,2.0,9.0,-4.705597989947007,-5.205597989947007,-5.705597989947007,-6.705597989947007,30.76923076923077,-3.323916702632339,-6.138630951276945,-0.5092024539877329,0.0,56.95457262025794,-12.194294800956744
80pct,5,CE,60,test,spot_momentum,13,13,2.0,11.0,-1.0062463971109208,-1.5062463971109208,-2.0062463971109206,-3.0062463971109215,30.76923076923077,3.512541754238945,-4.459041131044196,11.484124639522086,1.0,51.697197727089254,-10.744791789705443
80pct,5,CE,60,test,spot_reversal,7,5,2.0,4.0,-11.513483019623662,-12.013483019623662,-12.513483019623662,-13.513483019623663,40.0,-6.45283643500348,-16.553914076037117,3.648241206030157,1.0,55.133192736965846,-16.762610954686235
80pct,5,CE,60,test,train_majority,0,0,,,,,,,,,,,,,
80pct,5,PE,30,train,price_baseline,19,16,7.0,8.0,2.330400609653934,1.830400609653934,1.330400609653934,0.33040060965393403,62.5,0.7634322599421625,-7.295607112081564,7.574229620475682,3.0,32.48390057114563,0.4292634751562862
80pct,5,PE,30,train,ratios_only,0,0,,,,,,,,,,,,,
80pct,5,PE,30,train,price_plus_ratios,19,17,6.0,9.0,1.459105523194454,0.9591055231944542,0.45910552319445425,-0.540894476805546,52.94117647058824,1.9962121404753954,-4.015199396645801,8.559211572865408,3.0,38.56033328860852,-0.4401664833008083
80pct,5,PE,30,train,ratio_compression,48,33,9.0,21.0,-2.762434917081751,-3.262434917081751,-3.762434917081751,-4.762434917081751,45.45454545454545,-2.8631045140731417,-5.258865420839735,-0.6887432507975403,3.0,28.513547634642734,-4.509503217500035
80pct,5,PE,30,train,spot_momentum,67,53,9.0,29.0,-3.0338294494902236,-3.533829449490225,-4.0338294494902245,-5.0338294494902245,32.075471698113205,-4.604377409767251,-7.323101396071476,-2.073720077866017,0.0,69.32071147659694,-4.47458150133915
80pct,5,PE,30,train,spot_reversal,56,47,9.0,23.0,-2.9386939121362827,-3.4386939121362827,-3.9386939121362827,-4.938693912136284,44.680851063829785,-3.3634833962278616,-5.140805467944959,-1.559549355498663,1.0,28.34049274659336,-4.41015445689747
80pct,5,PE,30,train,train_majority,0,0,,,,,,,,,,,,,
80pct,5,PE,30,validation,price_baseline,0,0,,,,,,,,,,,,,
80pct,5,PE,30,validation,ratios_only,0,0,,,,,,,,,,,,,
80pct,5,PE,30,validation,price_plus_ratios,0,0,,,,,,,,,,,,,
80pct,5,PE,30,validation,ratio_compression,7,5,2.0,2.0,1.4450544425871081,0.9450544425871081,0.44505444258710813,-0.5549455574128919,80.0,0.5298301496115913,0.38853730457078606,0.6711229946523964,2.0,100.0,-2.870265151515149
80pct,5,PE,30,validation,spot_momentum,2,1,1.0,1.0,-4.278416347381853,-4.778416347381853,-5.278416347381853,-6.278416347381853,0.0,-5.278416347381853,,,0.0,,
80pct,5,PE,30,validation,spot_reversal,3,2,2.0,2.0,-12.459236190535078,-12.959236190535078,-13.459236190535078,-14.459236190535078,50.0,-13.459236190535078,-27.589595375722553,0.6711229946523964,1.0,100.0,-27.589595375722553
80pct,5,PE,30,validation,train_majority,0,0,,,,,,,,,,,,,
80pct,5,PE,30,test,price_baseline,0,0,,,,,,,,,,,,,
80pct,5,PE,30,test,ratios_only,0,0,,,,,,,,,,,,,
80pct,5,PE,30,test,price_plus_ratios,0,0,,,,,,,,,,,,,
80pct,5,PE,30,test,ratio_compression,19,15,2.0,8.0,-2.894911843586525,-3.3949118435865255,-3.8949118435865255,-4.8949118435865255,33.33333333333333,3.0804399626248693,-4.96804289069597,11.128922815945709,1.0,37.02091552784485,-5.062426432247049
80pct,5,PE,30,test,spot_momentum,8,7,1.0,5.0,-4.558829193147939,-5.058829193147939,-5.558829193147939,-6.558829193147939,28.57142857142857,-5.558829193147939,,,0.0,89.55801858508838,-13.851173276207897
80pct,5,PE,30,test,spot_reversal,4,4,1.0,3.0,11.88042783670764,11.38042783670764,10.88042783670764,9.88042783670764,50.0,10.880427836707637,,,1.0,100.0,-7.231617258088401
80pct,5,PE,30,test,train_majority,0,0,,,,,,,,,,,,,
80pct,5,PE,60,train,price_baseline,21,19,8.0,12.0,3.6375173446718394,3.1375173446718407,2.6375173446718407,1.6375173446718405,63.1578947368421,6.285805976825014,0.4542981497847811,11.76600997460436,4.0,30.801087238750124,1.395784943544067
80pct,5,PE,60,train,ratios_only,1,1,1.0,1.0,-5.576923076923079,-6.076923076923079,-6.576923076923079,-7.576923076923079,0.0,-6.576923076923079,,,0.0,,
80pct,5,PE,60,train,price_plus_ratios,21,16,7.0,10.0,2.7766766361684176,2.2766766361684176,1.7766766361684176,0.7766766361684176,56.25,5.179131296352863,-0.8328119735786981,11.922977015355086,3.0,36.42531285399778,0.2292083742481952
80pct,5,PE,60,train,ratio_compression,30,20,8.0,14.0,-2.6334892266132286,-3.1334892266132286,-3.6334892266132286,-4.633489226613229,45.0,-3.570387261657786,-9.695648879422514,2.138840335830113,4.0,21.644600132867183,-4.456009248642782
80pct,5,PE,60,train,spot_momentum,48,36,9.0,25.0,-5.308681270791386,-5.808681270791386,-6.308681270791386,-7.308681270791386,36.11111111111111,-6.18471257157416,-10.87993027988989,-1.4588106169433064,1.0,36.53435538652867,-7.621599403454109
80pct,5,PE,60,train,spot_reversal,30,26,9.0,19.0,-4.318785478449823,-4.818785478449823,-5.318785478449822,-6.318785478449824,38.46153846153847,-4.976831794054743,-10.21696570613438,-0.21598283711305533,2.0,45.69381640527672,-7.041587070455601
80pct,5,PE,60,train,train_majority,0,0,,,,,,,,,,,,,
80pct,5,PE,60,validation,price_baseline,0,0,,,,,,,,,,,,,
80pct,5,PE,60,validation,ratios_only,0,0,,,,,,,,,,,,,
80pct,5,PE,60,validation,price_plus_ratios,0,0,,,,,,,,,,,,,
80pct,5,PE,60,validation,ratio_compression,5,5,2.0,2.0,3.123746483174732,2.623746483174732,2.123746483174732,1.1237464831747321,80.0,2.395673938544819,1.0360366616943848,3.755311215395253,2.0,93.09941977366134,0.366377074688796
80pct,5,PE,60,validation,spot_momentum,1,1,1.0,1.0,6.639004149377592,6.139004149377592,5.639004149377592,4.639004149377592,100.0,5.639004149377592,,,1.0,100.00000000000001,
80pct,5,PE,60,validation,spot_reversal,2,2,2.0,2.0,-11.851836110166614,-12.351836110166614,-12.851836110166614,-13.851836110166614,50.0,-12.851836110166614,-32.79190751445087,7.088235294117641,1.0,100.0,-32.79190751445087
80pct,5,PE,60,validation,train_majority,0,0,,,,,,,,,,,,,
80pct,5,PE,60,test,price_baseline,0,0,,,,,,,,,,,,,
80pct,5,PE,60,test,ratios_only,0,0,,,,,,,,,,,,,
80pct,5,PE,60,test,price_plus_ratios,0,0,,,,,,,,,,,,,
80pct,5,PE,60,test,ratio_compression,10,9,1.0,6.0,-2.4830262149469204,-2.9830262149469204,-3.4830262149469204,-4.483026214946921,44.44444444444444,-3.483026214946921,,,0.0,59.01183186702941,-6.40639884209777
80pct,5,PE,60,test,spot_momentum,5,5,1.0,5.0,-7.968807096115322,-8.468807096115322,-8.968807096115322,-9.968807096115322,40.0,-8.968807096115322,,,0.0,58.35489601085337,-12.97065517239496
80pct,5,PE,60,test,spot_reversal,2,2,1.0,2.0,49.8084130446943,49.3084130446943,48.8084130446943,47.8084130446943,100.0,48.8084130446943,,,1.0,79.61011887025127,19.90395480225988
80pct,5,PE,60,test,train_majority,0,0,,,,,,,,,,,,,
80pct,5,BOTH,30,train,price_baseline,13,11,6.0,5.0,7.377560463570859,6.877560463570859,6.377560463570859,5.377560463570859,72.72727272727273,6.176821245663397,0.08781227328873,14.029155886816145,4.0,64.2813194060718,3.0269649794533455
80pct,5,BOTH,30,train,ratios_only,11,9,4.0,4.0,6.161156821197398,5.661156821197398,5.161156821197398,4.161156821197398,77.77777777777779,4.356440655129706,-5.886312056603191,17.16005217224096,2.0,78.0838729750713,-2.2340573233134955
80pct,5,BOTH,30,train,price_plus_ratios,13,12,6.0,6.0,6.475035373868166,5.975035373868166,5.475035373868166,4.475035373868166,66.66666666666666,5.944752019042457,-0.06260340120284032,14.027555277528563,3.0,64.2813194060718,2.0920017804139945
80pct,5,BOTH,30,train,ratio_compression,7,4,4.0,4.0,-10.950429008567951,-11.450429008567951,-11.950429008567951,-12.950429008567953,0.0,-11.950429008567951,-22.903346087295596,-1.354784384448098,0.0,,-15.649591619267072
80pct,5,BOTH,30,train,spot_momentum,14,11,6.0,6.0,-3.7284727385181182,-4.228472738518118,-4.728472738518118,-5.728472738518118,27.27272727272727,-6.876756440215545,-16.482401720458835,-0.6634821392633374,1.0,100.0,-6.120000451871989
80pct,5,BOTH,30,train,spot_reversal,14,11,5.0,5.0,4.033980801330317,3.5339808013303173,3.0339808013303173,2.033980801330318,54.54545454545454,1.0645685441938633,-3.8298378452775452,7.518246884291528,2.0,82.7409338421361,-1.5837241146910994
80pct,5,BOTH,30,train,train_majority,0,0,,,,,,,,,,,,,
80pct,5,BOTH,60,train,price_baseline,8,6,3.0,4.0,10.194734239747959,9.694734239747959,9.194734239747959,8.194734239747959,100.0,8.024744394175215,4.054151624548742,11.074090697985218,3.0,38.099694659177615,6.829882283617357
80pct,5,BOTH,60,train,ratios_only,9,5,3.0,4.0,16.304103310565004,15.804103310565003,15.304103310565003,14.304103310565,100.0,13.012397602512458,4.054151624548742,18.741661872643814,3.0,59.338090684864,10.371567682727779
80pct,5,BOTH,60,train,price_plus_ratios,8,6,3.0,4.0,13.984103752181651,13.484103752181651,12.984103752181651,11.984103752181651,100.0,11.565934609814216,4.054151624548742,16.24137931034482,3.0,58.283850225976465,8.12470225211206
80pct,5,BOTH,60,train,ratio_compression,5,4,4.0,3.0,-11.444042845378794,-11.944042845378794,-12.444042845378794,-13.444042845378794,25.0,-12.444042845378794,-23.01616245337754,-1.871923237380051,1.0,100.0,-17.533233597759963
80pct,5,BOTH,60,train,spot_momentum,7,4,4.0,4.0,-7.118526101750054,-7.618526101750054,-8.118526101750053,-9.118526101750053,25.0,-8.118526101750053,-20.889539763899066,0.6063693886105512,1.0,100.0,-11.765877939588309
80pct,5,BOTH,60,train,spot_reversal,7,5,4.0,4.0,1.6475214633042445,1.1475214633042445,0.6475214633042444,-0.3524785366957556,60.0,0.985197674132841,-5.046292144582489,7.938583239964798,2.0,74.18249395417033,-2.8037840102703746
80pct,5,BOTH,60,train,train_majority,0,0,,,,,,,,,,,,,
80pct,15,CE,30,train,price_baseline,41,31,8.0,15.0,1.8250667923720079,1.3250667923720083,0.8250667923720083,-0.17493320762799203,41.935483870967744,1.2286895725083573,-2.035018276207785,4.488667192357542,4.0,46.525683890755566,-0.34051274222188116
80pct,15,CE,30,train,ratios_only,0,0,,,,,,,,,,,,,
80pct,15,CE,30,train,price_plus_ratios,45,35,9.0,18.0,1.7654282161209023,1.2654282161209027,0.765428216120903,-0.23457178387909738,42.857142857142854,1.455322790855487,-1.63656454170947,4.409797906823303,5.0,49.5395312535998,-0.2647783901752086
80pct,15,CE,30,train,ratio_compression,82,65,9.0,34.0,0.2211600258800971,-0.27883997411990286,-0.7788399741199028,-1.7788399741199026,35.38461538461539,-0.0010341594034594362,-3.0619570387370825,4.552178070009619,4.0,42.425583654302116,-1.6583377451141985
80pct,15,CE,30,train,spot_momentum,93,76,9.0,35.0,0.006970794217136282,-0.49302920578286374,-0.9930292057828636,-1.9930292057828636,35.526315789473685,-1.1557443549139643,-3.2166469067441334,0.9360531420191999,3.0,26.758873616336214,-1.3954535219847093
80pct,15,CE,30,train,spot_reversal,99,79,9.0,36.0,1.19758522583112,0.6975852258311193,0.1975852258311194,-0.8024147741688806,49.36708860759494,0.6535886988220717,-0.9069458699996268,2.39393854739675,4.0,25.714955818662435,-0.22591352209936946
80pct,15,CE,30,train,train_majority,0,0,,,,,,,,,,,,,
80pct,15,CE,30,validation,price_baseline,3,2,2.0,2.0,14.413726333907048,13.913726333907048,13.413726333907048,12.413726333907048,100.0,13.413726333907048,1.3214285714285632,25.506024096385534,2.0,95.07434198918958,1.3214285714285632
80pct,15,CE,30,validation,ratios_only,0,0,,,,,,,,,,,,,
80pct,15,CE,30,validation,price_plus_ratios,3,2,2.0,2.0,14.413726333907048,13.913726333907048,13.413726333907048,12.413726333907048,100.0,13.413726333907048,1.3214285714285632,25.506024096385534,2.0,95.07434198918958,1.3214285714285632
80pct,15,CE,30,validation,ratio_compression,10,9,3.0,6.0,1.7394888386069154,1.2394888386069154,0.7394888386069153,-0.2605111613930847,33.33333333333333,-0.0398952237550354,-3.7211243144231676,3.2933322468343906,2.0,52.05535141447049,-1.9576836662587322
80pct,15,CE,30,validation,spot_momentum,9,7,3.0,4.0,4.672094088173388,4.172094088173389,3.6720940881733886,2.6720940881733886,42.857142857142854,3.709946268767195,-2.057617192260296,9.345027097716363,2.0,51.03392252540089,2.1322829613442464
80pct,15,CE,30,validation,spot_reversal,10,8,3.0,4.0,5.202530695920636,4.702530695920635,4.202530695920635,3.202530695920635,75.0,4.508410219501242,0.6528616098056297,6.955446408146092,3.0,69.30652667956274,0.8525923933360886
80pct,15,CE,30,validation,train_majority,0,0,,,,,,,,,,,,,
80pct,15,CE,30,test,price_baseline,8,7,2.0,4.0,-10.607446614841084,-11.107446614841084,-11.607446614841084,-12.607446614841084,14.285714285714285,-8.025198130014083,-13.040346008771886,-3.010050251256279,0.0,100.0,-17.755983962977822
80pct,15,CE,30,test,ratios_only,0,0,,,,,,,,,,,,,
80pct,15,CE,30,test,price_plus_ratios,5,4,2.0,2.0,-19.987625732660483,-20.487625732660483,-20.987625732660483,-21.987625732660483,0.0,-14.995100572192415,-26.980150893128553,-3.010050251256279,0.0,,-26.980150893128553
80pct,15,CE,30,test,ratio_compression,35,32,2.0,12.0,-3.2338298280377025,-3.7338298280377025,-4.233829828037702,-5.2338298280377025,34.375,-3.3660089183268713,-4.908801646701683,-1.82321618995206,0.0,58.01069346932259,-6.411409936983244
80pct,15,CE,30,test,spot_momentum,23,22,2.0,9.0,3.5397892257790713,3.0397892257790713,2.5397892257790713,1.5397892257790706,40.909090909090914,1.788598347106104,0.4114150695389995,3.1657816246732087,2.0,53.092357058899914,-1.9951633071872006
80pct,15,CE,30,test,spot_reversal,16,15,2.0,10.0,-1.794758454828727,-2.2947584548287265,-2.7947584548287265,-3.7947584548287265,40.0,-0.8752211279257713,-4.988515399860676,3.238073144009133,1.0,50.738815077779044,-5.208669773030777
80pct,15,CE,30,test,train_majority,0,0,,,,,,,,,,,,,
80pct,15,CE,60,train,price_baseline,1,1,1.0,1.0,8.2995951417004,7.799595141700401,7.299595141700401,6.299595141700401,100.0,7.299595141700401,,,1.0,100.0,
80pct,15,CE,60,train,ratios_only,0,0,,,,,,,,,,,,,
80pct,15,CE,60,train,price_plus_ratios,2,2,2.0,2.0,0.15511411665258246,-0.34488588334741754,-0.8448858833474175,-1.8448858833474175,50.0,-0.8448858833474175,-5.571428571428571,3.881656804733736,1.0,100.0,-5.571428571428571
80pct,15,CE,60,train,ratio_compression,44,30,8.0,20.0,2.070063623473801,1.5700636234738006,1.0700636234738004,0.07006362347380053,50.0,5.403528742822018,-3.5033763050624835,19.91841239145466,4.0,51.71427594577536,-0.7426643639144124
80pct,15,CE,60,train,spot_momentum,56,45,9.0,27.0,-0.5534092470741045,-1.0534092470741043,-1.5534092470741045,-2.5534092470741045,35.55555555555556,-1.0931103454544635,-4.020678698133636,1.7748856932802497,4.0,23.00472424665798,-2.256383197167489
80pct,15,CE,60,train,spot_reversal,59,39,8.0,27.0,0.3719849798388112,-0.1280150201611889,-0.6280150201611889,-1.628015020161189,46.15384615384615,-2.315365758612228,-5.549301990909909,0.5799086638696953,3.0,16.969481215531385,-0.9605038660953443
80pct,15,CE,60,train,train_majority,0,0,,,,,,,,,,,,,
80pct,15,CE,60,validation,price_baseline,0,0,,,,,,,,,,,,,
80pct,15,CE,60,validation,ratios_only,0,0,,,,,,,,,,,,,
80pct,15,CE,60,validation,price_plus_ratios,0,0,,,,,,,,,,,,,
80pct,15,CE,60,validation,ratio_compression,8,6,3.0,5.0,1.0118960916194262,0.5118960916194263,0.01189609161942625,-0.9881039083805736,33.33333333333333,-1.5563798494797816,-14.810420089430503,9.775468093793203,2.0,99.07713657865571,-7.840332198589112
80pct,15,CE,60,validation,spot_momentum,4,3,2.0,2.0,3.5107632478288515,3.0107632478288515,2.510763247828852,1.5107632478288517,66.66666666666666,4.72640576920497,-1.9205217949233844,11.373333333333324,1.0,100.0,-1.9205217949233844
80pct,15,CE,60,validation,spot_reversal,6,5,3.0,4.0,-4.182759574690482,-4.682759574690482,-5.182759574690482,-6.182759574690482,20.0,-5.502847376404822,-8.896623220465703,-0.5086325237722393,0.0,100.0,-6.782363796280384
80pct,15,CE,60,validation,train_majority,0,0,,,,,,,,,,,,,
80pct,15,CE,60,test,price_baseline,0,0,,,,,,,,,,,,,
80pct,15,CE,60,test,ratios_only,0,0,,,,,,,,,,,,,
80pct,15,CE,60,test,price_plus_ratios,0,0,,,,,,,,,,,,,
80pct,15,CE,60,test,ratio_compression,16,15,2.0,8.0,1.7402070384169923,1.2402070384169912,0.7402070384169915,-0.2597929615830085,40.0,1.8341629790280896,0.34240487819477367,3.3259210798614056,2.0,47.90698889034317,-5.178923137556044
80pct,15,CE,60,test,spot_momentum,11,11,2.0,9.0,5.292281193986756,4.792281193986756,4.292281193986756,3.2922811939867556,36.36363636363637,7.089109200583829,2.694093761645571,11.484124639522086,2.0,51.697197727089254,-4.988490376718177
80pct,15,CE,60,test,spot_reversal,6,5,2.0,4.0,-11.513483019623662,-12.013483019623662,-12.513483019623662,-13.513483019623663,40.0,-6.45283643500348,-16.553914076037117,3.648241206030157,1.0,55.133192736965846,-16.762610954686235
80pct,15,CE,60,test,train_majority,0,0,,,,,,,,,,,,,
80pct,15,PE,30,train,price_baseline,16,14,7.0,6.0,1.8523159627018926,1.3523159627018926,0.8523159627018926,-0.14768403729810742,42.857142857142854,-1.927552482558463,-7.545197272682683,3.8838948528991524,3.0,60.8527108754615,-1.167051283523155
80pct,15,PE,30,train,ratios_only,0,0,,,,,,,,,,,,,
80pct,15,PE,30,train,price_plus_ratios,24,16,9.0,8.0,1.2281951728339613,0.7281951728339613,0.22819517283396107,-0.7718048271660389,43.75,-1.9031383982000827,-6.589725087071868,2.3316179515721425,4.0,70.9567834142614,-2.042540243233869
80pct,15,PE,30,train,ratio_compression,42,35,6.0,22.0,-1.019665452792524,-1.5196654527925242,-2.019665452792524,-3.0196654527925246,40.0,-3.0500598964748846,-5.340346810262342,-0.1399595641890022,1.0,37.06715885044041,-2.6302762109224394
80pct,15,PE,30,train,spot_momentum,58,47,9.0,27.0,-3.8747052439108876,-4.3747052439108876,-4.8747052439108876,-5.8747052439108876,36.17021276595745,-5.7914177448184905,-9.330115433179214,-2.7199572627769015,0.0,74.82789130181804,-5.730647920588801
80pct,15,PE,30,train,spot_reversal,52,47,9.0,22.0,-3.048366053699763,-3.548366053699763,-4.048366053699763,-5.048366053699763,40.42553191489361,-3.474898762845936,-4.567995073612906,-2.355876124918027,0.0,46.2108630509645,-4.5273042444766425
80pct,15,PE,30,train,train_majority,0,0,,,,,,,,,,,,,
80pct,15,PE,30,validation,price_baseline,1,0,,,,,,,,,,,,,
80pct,15,PE,30,validation,ratios_only,0,0,,,,,,,,,,,,,
80pct,15,PE,30,validation,price_plus_ratios,0,0,,,,,,,,,,,,,
80pct,15,PE,30,validation,ratio_compression,5,3,2.0,3.0,0.3026805331011924,-0.19731946689880756,-0.6973194668988075,-1.6973194668988076,66.66666666666666,-0.3823646001741057,-1.3272292003482113,0.5625,1.0,54.402600921159205,-1.3815406976744096
80pct,15,PE,30,validation,spot_momentum,2,0,,,,,,,,,,,,,
80pct,15,PE,30,validation,spot_reversal,3,2,2.0,2.0,-12.459236190535078,-12.959236190535078,-13.459236190535078,-14.459236190535078,50.0,-13.459236190535078,-27.589595375722553,0.6711229946523964,1.0,100.0,-27.589595375722553
80pct,15,PE,30,validation,train_majority,0,0,,,,,,,,,,,,,
80pct,15,PE,30,test,price_baseline,4,3,2.0,2.0,-7.4085256569333,-7.9085256569333,-8.4085256569333,-9.4085256569333,33.33333333333333,-5.420030606336339,-14.38551575812722,3.5454545454545414,1.0,100.0,-14.38551575812722
80pct,15,PE,30,test,ratios_only,0,0,,,,,,,,,,,,,
80pct,15,PE,30,test,price_plus_ratios,5,4,2.0,4.0,18.272102646980954,17.772102646980954,17.272102646980954,16.272102646980954,75.0,12.696553279805485,3.5454545454545414,21.847652014156427,2.0,58.62350243858342,6.906288818671018
80pct,15,PE,30,test,ratio_compression,19,18,2.0,8.0,-9.638185771759124,-10.138185771759124,-10.638185771759124,-11.638185771759122,16.666666666666664,-10.194640549243317,-10.693628924573598,-9.695652173913038,0.0,100.0,-14.950983101994417
80pct,15,PE,30,test,spot_momentum,7,7,1.0,5.0,-10.23028571933153,-10.73028571933153,-11.23028571933153,-12.23028571933153,14.285714285714285,-11.23028571933153,,,0.0,100.0,-21.791212412864922
80pct,15,PE,30,test,spot_reversal,2,2,1.0,2.0,4.165845324922789,3.665845324922789,3.165845324922789,2.165845324922789,50.0,3.165845324922789,,,1.0,99.99999999999999,-6.118601747815221
80pct,15,PE,30,test,train_majority,0,0,,,,,,,,,,,,,
80pct,15,PE,60,train,price_baseline,12,11,4.0,7.0,2.7008323212883707,2.2008323212883707,1.700832321288371,0.7008323212883709,63.63636363636363,3.2610398751358267,0.048975807903000934,8.422651685256028,3.0,42.08988415062854,-0.2309838486228891
80pct,15,PE,60,train,ratios_only,0,0,,,,,,,,,,,,,
80pct,15,PE,60,train,price_plus_ratios,15,12,4.0,8.0,2.711612017784782,2.211612017784782,1.711612017784782,0.7116120177847819,66.66666666666666,3.3130359965169083,0.11427727722059244,8.47464780663711,3.0,40.601867873164856,-0.04360452790759921
80pct,15,PE,60,train,ratio_compression,23,18,5.0,14.0,1.4821185221557078,0.9821185221557077,0.4821185221557077,-0.5178814778442922,55.55555555555556,1.3443216524702108,-8.725294188205256,10.026126391077874,3.0,21.736244666457225,-0.5348290081420051
80pct,15,PE,60,train,spot_momentum,42,32,9.0,23.0,-3.9321957390532427,-4.432195739053243,-4.932195739053243,-5.932195739053243,43.75,-5.483364356706077,-10.917437053268529,-0.3550384974683812,2.0,26.741775849477172,-6.236032814705193
80pct,15,PE,60,train,spot_reversal,22,17,8.0,12.0,-2.8770708080603757,-3.3770708080603753,-3.8770708080603753,-4.877070808060375,47.05882352941176,-3.3992774523904377,-7.032700387177813,1.03531359578531,2.0,47.45006247086627,-5.263760462854454
80pct,15,PE,60,train,train_majority,0,0,,,,,,,,,,,,,
80pct,15,PE,60,validation,price_baseline,0,0,,,,,,,,,,,,,
80pct,15,PE,60,validation,ratios_only,0,0,,,,,,,,,,,,,
80pct,15,PE,60,validation,price_plus_ratios,0,0,,,,,,,,,,,,,
80pct,15,PE,60,validation,ratio_compression,5,4,2.0,3.0,2.1922514648409774,1.6922514648409774,1.1922514648409774,0.19225146484097744,50.0,1.1922514648409777,0.366377074688796,2.0181258549931593,2.0,90.63092777874763,-0.7730764782512436
80pct,15,PE,60,validation,spot_momentum,2,1,1.0,1.0,6.639004149377592,6.139004149377592,5.639004149377592,4.639004149377592,100.0,5.639004149377592,,,1.0,100.00000000000001,
80pct,15,PE,60,validation,spot_reversal,2,2,2.0,2.0,-11.851836110166614,-12.351836110166614,-12.851836110166614,-13.851836110166614,50.0,-12.851836110166614,-32.79190751445087,7.088235294117641,1.0,100.0,-32.79190751445087
80pct,15,PE,60,validation,train_majority,0,0,,,,,,,,,,,,,
80pct,15,PE,60,test,price_baseline,2,1,1.0,1.0,22.611464968152873,22.111464968152873,21.611464968152873,20.611464968152873,100.0,21.611464968152873,,,1.0,100.0,
80pct,15,PE,60,test,ratios_only,0,0,,,,,,,,,,,,,
80pct,15,PE,60,test,price_plus_ratios,2,1,1.0,1.0,22.611464968152873,22.111464968152873,21.611464968152873,20.611464968152873,100.0,21.611464968152873,,,1.0,100.0,
80pct,15,PE,60,test,ratio_compression,12,11,1.0,7.0,-14.983905055484373,-15.483905055484373,-15.983905055484373,-16.983905055484374,27.27272727272727,-15.983905055484373,,,0.0,,-21.570946720177126
80pct,15,PE,60,test,spot_momentum,5,5,1.0,5.0,-17.881392159931437,-18.381392159931437,-18.881392159931437,-19.881392159931437,20.0,-18.881392159931437,,,0.0,100.0,-25.361386502165104
80pct,15,PE,60,test,spot_reversal,0,0,,,,,,,,,,,,,
80pct,15,PE,60,test,train_majority,0,0,,,,,,,,,,,,,
80pct,30,CE,30,train,price_baseline,2,2,2.0,2.0,5.312039085545717,4.812039085545717,4.312039085545717,3.3120390855457162,50.0,4.312039085545717,-4.645833333333326,13.269911504424758,1.0,100.0,-4.645833333333326
80pct,30,CE,30,train,ratios_only,0,0,,,,,,,,,,,,,
80pct,30,CE,30,train,price_plus_ratios,2,1,1.0,1.0,-3.6883833160979096,-4.18838331609791,-4.68838331609791,-5.68838331609791,0.0,-4.68838331609791,,,0.0,,
80pct,30,CE,30,train,ratio_compression,64,48,9.0,31.0,-0.834930445185392,-1.3349304451853918,-1.8349304451853918,-2.834930445185391,27.083333333333332,-2.486634910763909,-4.24692243860318,-0.9794750488711533,1.0,37.30978214784881,-2.343693286081317
80pct,30,CE,30,train,spot_momentum,69,52,9.0,27.0,0.1760457705794471,-0.32395422942055296,-0.823954229420553,-1.8239542294205529,26.923076923076923,-1.286843320404953,-2.9905348943440213,0.3651722824091094,3.0,31.764873045560154,-1.2729910393488593
80pct,30,CE,30,train,spot_reversal,84,67,9.0,30.0,0.16862332563359153,-0.3313766743664085,-0.8313766743664085,-1.8313766743664084,47.76119402985074,-0.8329320624237776,-2.1803589796521297,0.3846210389240244,3.0,21.973472638993055,-1.1086445249670318
80pct,30,CE,30,train,train_majority,0,0,,,,,,,,,,,,,
80pct,30,CE,30,validation,price_baseline,1,1,1.0,1.0,26.506024096385534,26.006024096385534,25.506024096385534,24.506024096385534,100.0,25.506024096385534,,,1.0,100.0,
80pct,30,CE,30,validation,ratios_only,0,0,,,,,,,,,,,,,
80pct,30,CE,30,validation,price_plus_ratios,0,0,,,,,,,,,,,,,
80pct,30,CE,30,validation,ratio_compression,10,7,3.0,5.0,8.931035933124107,8.431035933124107,7.931035933124107,6.931035933124107,71.42857142857143,7.367984925164617,5.3973063973064015,8.575500592572952,3.0,52.25523689186074,4.922784207635362
80pct,30,CE,30,validation,spot_momentum,9,6,3.0,3.0,4.88220932647217,4.38220932647217,3.8822093264721698,2.8822093264721698,50.0,2.3015718324250565,-2.400560224089631,5.462846820519282,2.0,64.58197100945844,2.0625030370851323
80pct,30,CE,30,validation,spot_reversal,3,3,2.0,3.0,12.606247441576699,12.106247441576699,11.606247441576699,10.6062474415767,100.0,10.90243035565997,8.79097909790978,13.01388161341016,2.0,73.253720247873,4.656359114172282
80pct,30,CE,30,validation,train_majority,0,0,,,,,,,,,,,,,
80pct,30,CE,30,test,price_baseline,5,5,1.0,2.0,-24.684907243095303,-25.184907243095303,-25.684907243095303,-26.684907243095303,20.0,-25.684907243095303,,,0.0,100.0,-32.34275205873531
80pct,30,CE,30,test,ratios_only,0,0,,,,,,,,,,,,,
80pct,30,CE,30,test,price_plus_ratios,2,2,2.0,2.0,-17.590866844598185,-18.090866844598185,-18.590866844598185,-19.590866844598185,50.0,-18.590866844598185,-41.692640692640694,4.510907003444321,1.0,100.0,-41.692640692640694
80pct,30,CE,30,test,ratio_compression,26,25,3.0,9.0,-7.290425708152665,-7.790425708152665,-8.290425708152666,-9.290425708152666,24.0,-7.199472045836781,-10.232241123543664,-4.596944244735907,0.0,100.0,-10.368307075880198
80pct,30,CE,30,test,spot_momentum,18,18,2.0,9.0,-2.7440238531987933,-3.2440238531987937,-3.744023853198794,-4.744023853198794,27.77777777777778,-3.166319720847872,-4.899432117900639,-1.433207323795106,0.0,95.70733878972854,-9.70568457248561
80pct,30,CE,30,test,spot_reversal,22,20,2.0,10.0,-6.2522532700725835,-6.7522532700725835,-7.252253270072582,-8.252253270072583,30.0,-2.0751215355123107,-9.471024013455558,5.320780942430937,1.0,63.17248237403621,-9.265529757971139
80pct,30,CE,30,test,train_majority,0,0,,,,,,,,,,,,,
80pct,30,CE,60,train,price_baseline,0,0,,,,,,,,,,,,,
80pct,30,CE,60,train,ratios_only,0,0,,,,,,,,,,,,,
80pct,30,CE,60,train,price_plus_ratios,0,0,,,,,,,,,,,,,
80pct,30,CE,60,train,ratio_compression,22,13,6.0,11.0,0.5574851249677084,0.05748512496770848,-0.44251487503229153,-1.4425148750322914,38.46153846153847,-1.4347041164517986,-4.1556852309751475,0.8079435236413608,2.0,55.01060477552502,-2.0080216609195842
80pct,30,CE,60,train,spot_momentum,28,17,7.0,14.0,0.3658664125985338,-0.1341335874014662,-0.6341335874014662,-1.634133587401466,29.411764705882355,-1.3097657956498079,-3.985359102095525,1.3926299188780729,3.0,44.135576627067515,-1.8077210587013706
80pct,30,CE,60,train,spot_reversal,27,21,6.0,13.0,-0.6322979413650754,-1.1322979413650753,-1.6322979413650753,-2.632297941365075,42.857142857142854,-1.1853095557239304,-3.0760659341255323,0.8394402847789951,2.0,41.48083679360349,-2.1240355378198315
80pct,30,CE,60,train,train_majority,0,0,,,,,,,,,,,,,
80pct,30,CE,60,validation,price_baseline,0,0,,,,,,,,,,,,,
80pct,30,CE,60,validation,ratios_only,0,0,,,,,,,,,,,,,
80pct,30,CE,60,validation,price_plus_ratios,0,0,,,,,,,,,,,,,
80pct,30,CE,60,validation,ratio_compression,5,2,2.0,2.0,7.769158249158236,7.269158249158236,6.769158249158236,5.769158249158236,100.0,6.769158249158236,2.1649831649831484,11.373333333333324,2.0,84.0084757565509,2.1649831649831484
80pct,30,CE,60,validation,spot_momentum,2,1,1.0,1.0,12.373333333333324,11.873333333333324,11.373333333333324,10.373333333333324,100.0,11.373333333333324,,,1.0,100.0,
80pct,30,CE,60,validation,spot_reversal,0,0,,,,,,,,,,,,,
80pct,30,CE,60,validation,train_majority,0,0,,,,,,,,,,,,,
80pct,30,CE,60,test,price_baseline,0,0,,,,,,,,,,,,,
80pct,30,CE,60,test,ratios_only,0,0,,,,,,,,,,,,,
80pct,30,CE,60,test,price_plus_ratios,0,0,,,,,,,,,,,,,
80pct,30,CE,60,test,ratio_compression,14,13,2.0,8.0,-9.852030804517199,-10.352030804517199,-10.852030804517199,-11.852030804517199,30.76923076923077,-7.784177340184577,-15.76059634744939,0.19224166708023493,1.0,59.143116889629546,-13.405337801616646
80pct,30,CE,60,test,spot_momentum,7,7,2.0,6.0,-7.052395276684946,-7.552395276684946,-8.052395276684946,-9.052395276684946,28.57142857142857,-2.191439301822836,-15.867003243167758,11.484124639522086,1.0,80.3508535120858,-13.744306468744853
80pct,30,CE,60,test,spot_reversal,7,6,1.0,3.0,-21.28707350151784,-21.78707350151784,-22.28707350151784,-23.28707350151784,16.666666666666664,-22.28707350151784,,,0.0,100.0,-37.754176847056264
80pct,30,CE,60,test,train_majority,0,0,,,,,,,,,,,,,
80pct,30,PE,30,train,price_baseline,66,42,8.0,19.0,2.8265174348975144,2.3265174348975144,1.8265174348975146,0.8265174348975147,59.523809523809526,2.3755158431385843,-1.0569387642330006,6.281801584368201,5.0,18.321788037547165,1.3477355264222806
80pct,30,PE,30,train,ratios_only,88,65,9.0,23.0,0.12302593215437874,-0.37697406784562126,-0.8769740678456213,-1.8769740678456215,50.76923076923077,-0.17316521097617008,-1.9545591570884553,1.4414768003517975,5.0,22.92939227909455,-1.2340367459794166
80pct,30,PE,30,train,price_plus_ratios,67,42,8.0,19.0,2.446063022035781,1.9460630220357806,1.4460630220357809,0.44606302203578074,57.14285714285714,1.5796477234081503,-1.3789286911595513,4.288326126879542,5.0,18.8553823344297,0.9580017376370892
80pct,30,PE,30,train,ratio_compression,41,28,7.0,16.0,0.24541417640127192,-0.254585823598728,-0.7545858235987281,-1.754585823598728,50.0,1.0589337848626437,-1.586435909296361,3.557474937913691,4.0,30.98623486937126,-1.3849539436693565
80pct,30,PE,30,train,spot_momentum,38,32,8.0,15.0,-1.92833399008734,-2.42833399008734,-2.92833399008734,-3.92833399008734,28.125,-2.9692217086598474,-4.605539052401147,-1.4982503135653762,0.0,31.183280807938228,-3.5028415040487926
80pct,30,PE,30,train,spot_reversal,50,46,9.0,23.0,-1.7388978386016976,-2.238897838601698,-2.738897838601698,-3.738897838601699,45.65217391304348,-1.333770521785324,-3.495143459542995,0.6413432174743711,3.0,28.58769174985863,-3.1376158792735236
80pct,30,PE,30,train,train_majority,0,0,,,,,,,,,,,,,
80pct,30,PE,30,validation,price_baseline,0,0,,,,,,,,,,,,,
80pct,30,PE,30,validation,ratios_only,4,3,2.0,3.0,-6.344942183665906,-6.844942183665906,-7.344942183665906,-8.344942183665905,0.0,-8.48487788169127,-11.904684975767363,-5.065070787615177,0.0,,-9.10385763939883
80pct,30,PE,30,validation,price_plus_ratios,0,0,,,,,,,,,,,,,
80pct,30,PE,30,validation,ratio_compression,2,2,2.0,2.0,-8.10385763939883,-8.60385763939883,-9.10385763939883,-10.10385763939883,0.0,-9.10385763939883,-11.904684975767363,-6.303030303030298,0.0,,-11.904684975767363
80pct,30,PE,30,validation,spot_momentum,0,0,,,,,,,,,,,,,
80pct,30,PE,30,validation,spot_reversal,2,1,1.0,1.0,-26.589595375722553,-27.089595375722553,-27.589595375722553,-28.589595375722553,0.0,-27.589595375722553,,,0.0,,
80pct,30,PE,30,validation,train_majority,0,0,,,,,,,,,,,,,
80pct,30,PE,30,test,price_baseline,4,3,2.0,3.0,11.320745715754937,10.820745715754937,10.320745715754937,9.320745715754937,66.66666666666666,10.522789990802629,9.916657165659549,11.128922815945709,2.0,64.35020943099312,5.436900886557584
80pct,30,PE,30,test,ratios_only,16,13,2.0,6.0,0.7165977362108854,0.2165977362108853,-0.28340226378911476,-1.283402263789115,46.15384615384615,1.5640910526453755,-1.1045104044266665,4.232692509717418,1.0,76.63638980764256,-5.382138314495129
80pct,30,PE,30,test,price_plus_ratios,5,3,2.0,3.0,11.320745715754937,10.820745715754937,10.320745715754937,9.320745715754937,66.66666666666666,10.522789990802629,9.916657165659549,11.128922815945709,2.0,64.35020943099312,5.436900886557584
80pct,30,PE,30,test,ratio_compression,15,12,2.0,6.0,0.10379959434541826,-0.3962004056545818,-0.8962004056545818,-1.8962004056545816,41.66666666666667,0.14534958820583788,-1.1045104044266665,1.3952095808383422,1.0,88.86570922457757,-7.161040279222504
80pct,30,PE,30,test,spot_momentum,5,5,1.0,4.0,4.142636931110452,3.6426369311104523,3.142636931110452,2.142636931110452,40.0,3.142636931110452,,,1.0,89.55801858508838,-4.876959124483881
80pct,30,PE,30,test,spot_reversal,2,2,1.0,2.0,4.165845324922789,3.665845324922789,3.165845324922789,2.165845324922789,50.0,3.165845324922789,,,1.0,99.99999999999999,-6.118601747815221
80pct,30,PE,30,test,train_majority,0,0,,,,,,,,,,,,,
80pct,30,PE,60,train,price_baseline,34,26,8.0,20.0,4.4815675502868135,3.9815675502868135,3.4815675502868126,2.4815675502868126,69.23076923076923,6.200638629485517,2.2917977974656476,10.364481645172509,7.0,18.120546709036024,2.621282229699415
80pct,30,PE,60,train,ratios_only,36,29,8.0,11.0,3.040571041372809,2.540571041372809,2.0405710413728095,1.0405710413728095,55.172413793103445,-0.3047623698677091,-4.337345635467806,3.5770767674055923,4.0,39.050259702472054,1.1419287991176346
80pct,30,PE,60,train,price_plus_ratios,32,25,8.0,19.0,4.547622705128474,4.047622705128474,3.547622705128474,2.547622705128474,68.0,6.16236205629003,2.2122736163763634,10.361345526619534,6.0,18.36427007039718,2.6542444609683367
80pct,30,PE,60,train,ratio_compression,9,6,2.0,6.0,0.124866218263653,-0.375133781736347,-0.8751337817363467,-1.8751337817363467,50.0,-0.8751337817363467,-11.022682715377998,9.272415151905305,1.0,78.4669585655607,-5.415629831247001
80pct,30,PE,60,train,spot_momentum,13,9,5.0,8.0,1.9199585533775096,1.4199585533775099,0.9199585533775099,-0.08004144662249008,55.55555555555556,-1.0643383908681263,-8.70529404818961,7.544544308052328,2.0,55.274393448517976,-1.6934649356774165
80pct,30,PE,60,train,spot_reversal,21,17,7.0,13.0,1.0160738858128437,0.5160738858128435,0.016073885812843552,-0.9839261141871563,52.94117647058824,-0.953165890793238,-5.883648547468719,3.673883639523039,3.0,36.057772813086004,-1.6710588658546504
80pct,30,PE,60,train,train_majority,0,0,,,,,,,,,,,,,
80pct,30,PE,60,validation,price_baseline,0,0,,,,,,,,,,,,,
80pct,30,PE,60,validation,ratios_only,0,0,,,,,,,,,,,,,
80pct,30,PE,60,validation,price_plus_ratios,0,0,,,,,,,,,,,,,
80pct,30,PE,60,validation,ratio_compression,0,0,,,,,,,,,,,,,
80pct,30,PE,60,validation,spot_momentum,0,0,,,,,,,,,,,,,
80pct,30,PE,60,validation,spot_reversal,1,1,1.0,1.0,-31.79190751445087,-32.29190751445087,-32.79190751445087,-33.79190751445087,0.0,-32.79190751445087,,,0.0,,
80pct,30,PE,60,validation,train_majority,0,0,,,,,,,,,,,,,
80pct,30,PE,60,test,price_baseline,0,0,,,,,,,,,,,,,
80pct,30,PE,60,test,ratios_only,0,0,,,,,,,,,,,,,
80pct,30,PE,60,test,price_plus_ratios,1,1,1.0,1.0,-23.42105263157894,-23.92105263157894,-24.42105263157894,-25.42105263157894,0.0,-24.42105263157894,,,0.0,,
80pct,30,PE,60,test,ratio_compression,8,8,1.0,5.0,-4.814371513922657,-5.314371513922657,-5.814371513922657,-6.814371513922657,50.0,-5.814371513922658,,,0.0,100.0,-8.651918052494034
80pct,30,PE,60,test,spot_momentum,2,2,1.0,2.0,7.030843759617122,6.530843759617122,6.030843759617122,5.030843759617122,100.0,6.030843759617122,,,1.0,58.35489601085337,5.023102310231021
80pct,30,PE,60,test,spot_reversal,0,0,,,,,,,,,,,,,
80pct,30,PE,60,test,train_majority,0,0,,,,,,,,,,,,,
